:020000040800F2
:10000000004000200970000859700008597000086D
:1000100000000000000000000000000000000000E0
:1000200000000000000000000000000059700008FF
:10003000000000000000000059700008CF4C0008CC
:10004000597000085970000859700008597000086C
:1000500059700008854D0008954D0008A54D000811
:10006000597000085970000859700008597000084C
:1000700059700008054000081D4000082540000890
:100080003D400008554000086D40000885400008CC
:100090009D400008B5400008CD4000085970000898
:1000A000597000085970000859700008755500080B
:1000B0008D550008A95500085970000861610008B5
:1000C00002780B78002A03D0013001319A42F7D030
:1000D000D01A70470023C25C0133002AFBD1581E9E
:1000E0007047000002B471464908490009564900AA
:1000F0008E4402BC7047C04602B4714649084900AC
:10010000095C49008E4402BC7047C04603B4714686
:10011000490840004900095E49008E4403BC70470D
:10012000002243088B4274D303098B425FD3030A36
:100130008B4244D3030B8B4228D3030C8B420DD349
:10014000FF22090212BA030C8B4202D312120902D7
:1001500065D0030B8B4219D300E0090AC30B8B4215
:1001600001D3CB03C01A5241830B8B4201D38B03C3
:10017000C01A5241430B8B4201D34B03C01A524168
:10018000030B8B4201D30B03C01A5241C30A8B42AB
:1001900001D3CB02C01A5241830A8B4201D38B0296
:1001A000C01A5241430A8B4201D34B02C01A52413A
:1001B000030A8B4201D30B02C01A5241CDD2C309AC
:1001C0008B4201D3CB01C01A524183098B4201D328
:1001D0008B01C01A524143098B4201D34B01C01A13
:1001E000524103098B4201D30B01C01A5241C3088B
:1001F0008B4201D3CB00C01A524183088B4201D3FA
:100200008B00C01A524143088B4201D34B00C01AE5
:100210005241411A00D20146524110467047FFE751
:1002200001B5002000F006F802BDC0460029F7D055
:1002300076E770477047C04610B5064C2378002B10
:1002400007D1054B002B02D0044800E000BF01237A
:10025000237010BD28020020000000006882000802
:10026000044B10B5002B03D00349044800E000BF45
:1002700010BDC046000000002C020020688200086B
:100280000F2337B5194001AC130A63709025802302
:100290000001ED0508435B032070A2702100AB61F3
:1002A00003220023024801F062FB1023AB6137BD3B
:1002B000880C002037B503281AD880235B019942A7
:1002C00000D3090910240B4A0901125C8BB22243A6
:1002D00001A90A708B701A0A90258023ED055B0333
:1002E0004A700548AB610322002301F040FBAC617A
:1002F00037BDC046738E0008880C002010B504007E
:10030000032816D80B4B1B5C002B0CD0C82006F022
:1003100049FF431E9841084BC0B21870074B00219B
:100320001B5D834202D1064B6200D15A2000FFF7C9
:10033000C1FF10BD7C0400204C0300207804002085
:10034000B0040020002330B51A0001242500D91D77
:100350008D40290005001D41254206D001330A4386
:10036000042BF3D1024B9A6130BD0904F6E7C04675
:10037000000400480B4B10B51B78002B0BD0C82095
:1003800006F010FF431E9841074BC0B21870074B90
:100390001B78834202D1064B187800E00020FFF75B
:1003A000D1FF10BD4E0300204C0300204D03002060
:1003B0005D030020074B4200D2180023190010B53E
:1003C000DC0001331153FA2BFAD1034B8000C150EA
:1003D00010BDC046B804002098040020FA2210B5D1
:1003E0000021034807F048FB0022024B1A6010BDB1
:1003F0005E0300205803002070B50025002428006B
:10040000FFF7D8FF1B4B1C4AEB181C70AB009A1867
:1004100014601A4AE8B2AA181470194A2100AA18DE
:100420001470184A9A181460174A9B18174A1C60CF
:100430006B009A181480164A01359B181C80FFF730
:1004400039FF042DDAD1FFF7C9FF124B20001C70D1
:10045000114B1C60114B1C70114B1C70114B1C700C
:10046000114B1C70FFF76EFF1049114806F04EFD4E
:1004700070BDC04684040020880400207C04002055
:10048000780400206804002058040020B0040020F4
:10049000A804002050030020540300204E03002035
:1004A0004D0300205D0300205C03002080820008D3
:1004B000800E002070B5441E0500032C12D82000C9
:1004C000FFF778FF0022084B08491A55084BA40093
:1004D000E250084C200006F0FEFC0A222900200011
:1004E00006F063FD70BDC046840400208B820008C6
:1004F00088040020800E0020F0B5484C8BB048499D
:10050000200006F0E8FCC82006F04CFE0A2201009C
:10051000200006F04AFD2000424906F0DCFC0025E0
:10052000414B0135585D06F03DFE404903002A006D
:1005300002A807F0A7F9200002A906F0CCFC042DC0
:10054000EED10025200006F0CFFC2000384906F04F
:10055000C2FC384E013533882A00374902A807F01B
:1005600091F9200002A906F0B6FC0236042DF1D163
:10057000200006F0B9FC3149200006F0ACFC304EFA
:100580000A222000316806F010FD00253368AB42D6
:100590002BDC002B02DD200006F0A6FC002520004D
:1005A000284906F0B3FC284B284E019301352A0058
:1005B0002749336802A807F065F9200002A906F070
:1005C000A5FC00273368BB421BDC002B02DD2000AA
:1005D00006F08AFC019B043602330193042DE5D119
:1005E000200006F081FC0BB0F0BD1A4B1A495A5D91
:1005F00002A807F047F9200002A906F06CFC0135BB
:10060000C4E7019AFB00D25A134902A807F03AF94D
:10061000200002A906F05FFC0137D3E7800E00201E
:1006200097820008A88200086E8E0008AE8200083B
:10063000B5820008B0040020BA820008C182000818
:1006400058030020D7820008B80400209804002036
:10065000E48200085E030020D3820008FA22F8B585
:1006600000240021D200714807F006FA0822002178
:100670006F4807F001FA082200216E4807F0FCF9E4
:10068000102200216C4807F0F7F9102200216B4876
:1006900007F0F2F904220021694807F0EDF904227D
:1006A0000021684807F0E8F904220021664807F0B5
:1006B000E3F904220021654807F0DEF91022002149
:1006C000634807F0D9F910220021624807F0D4F9F5
:1006D000FA220021604807F0CFF9604B604E1C7091
:1006E000604B01211C70604B1B201C605F4B347001
:1006F0001C605F4B1C705F4B1C705F4B1C705F4B32
:100700001C7006F0ABFC01211C2006F0A7FC0121A7
:100710001B2006F00BFD01211C2006F007FD012126
:10072000172006F09BFC0121182006F097FC012100
:10073000192006F093FC01211A2006F08FFC2100FD
:10074000172006F0F3FC2100182006F0EFFC210032
:10075000192006F0EBFC21001A2006F0E7FC21002E
:10076000C82006F07BFC0121152006F077FC012152
:10077000152006F0DBFC0121162006F06FFC21009D
:10078000162006F0D3FCE1213D4D4902280004F07B
:10079000D3FF0121C42006F061FC0121C42006F032
:1007A000C5FC384F2100380001F0A6F8364B380060
:1007B00006CB01F0B9F80121122006F04FFC210010
:1007C000122006F0B3FC0A2006F030FD01211220B1
:1007D00006F0ACFC0A2006F029FD0121C92006F034
:1007E0003DFC2100C92006F0A1FC072022002100C9
:1007F000FFF746FD012006F019FDE0B200210134AB
:10080000FFF758FD042CF8D1C82006F0CBFC431E9E
:1008100098413070642006F009FD28001B4906F05D
:1008200075FB01211B2006F081FCF8BDB8040020F7
:10083000B0040020A80400209804002088040020B0
:1008400084040020800400207C0400207804002020
:1008500068040020580400205E0300205D0300208F
:100860004C0300205C0300205803002054030020A8
:10087000500300204F0300204E0300204D030020B2
:10088000800E0020880C002000000020FB82000861
:10089000F8B5684C6849200006F038FB01272000B5
:1008A000664906F033FB00257F42654E6B00E8B2D7
:1008B00064490135F752FFF7FDFC042DF5D162497B
:1008C000200006F023FB614F2000390006F01EFBDC
:1008D000200004F0B9FE002800D186E0200004F0DA
:1008E000B3FE051E00D084E02000594906F00EFB3F
:1008F00000216B00F318E8B201351980FFF7DAFC2C
:10090000042DF5D15349200006F000FB39002000EA
:1009100006F0FCFA200004F097FE002800D16CE0FD
:10092000200004F091FE002800D06AE04A4920002F
:1009300006F0ECFA0F20FFF705FD4849200006F00D
:10094000E5FA3900200006F0E1FA200004F07CFE10
:1009500000285AD0200004F077FE051E59D14049E6
:10096000200006F0D3FA2800FFF7ECFC3D492000F8
:1009700006F0CCFA3900200006F0C8FA200004F096
:1009800063FE002849D0200004F05EFE002848D114
:100990003549200006F0BAFA2000344906F0B6FACC
:1009A00014253349200006F096FAC82006F0FAFB19
:1009B0000A220100200006F0F8FAFA2006F036FCC0
:1009C000200004F041FE002802D1013D002DE8D1B5
:1009D000200004F039FE002827D12649200006F027
:1009E00095FA200006F080FAF8BD0A2006F01EFCF9
:1009F0006EE7200004F030FE70E70A2006F016FCD7
:100A000088E7200004F028FE8AE70A2006F00EFCA2
:100A10009BE7200004F020FE9CE70A2006F006FC7D
:100A2000ACE7200004F018FEADE7200004F014FE4F
:100A3000CEE7C046800E00201A83000840830008DD
:100A4000B0040020FFFF00006C830008A6830008AC
:100A5000CA830008E98300081D8400083284000866
:100A60006184000875840008A3840008B984000824
:100A7000E7840008F2840008F0B507000E0097B084
:100A8000421E002E04DD935D0A2B17D00D2B15D0CE
:100A90000021B9558E420FD01B2006F047FB012ED6
:100AA00012D13B783F2B0BD1C049C14806F013FA55
:100AB00001211B2006F03AFB17B0F0BD013EE0E734
:100AC000BC492A2B00D1ADE13800BB49FFF7F8FA49
:100AD000002802D1FFF710FDEAE73800B749FFF719
:100AE000EFFA002802D1FFF7D3FEE1E73800B4495E
:100AF000FFF7E6FA002802D1FFF77EFCD8E70922CB
:100B00003800B04906F0C0FF002815D13800093080
:100B100006F0E5FD431E0400032B02D8FFF7CAFCD4
:100B2000C6E7A34DA849280006F0D5F90A222100FE
:100B3000280006F03AFABBE7A449022E00DC71E176
:100B4000002306AAD3773B78A14913777B780DA8B9
:100B50005377BB789377FFF7B3FA041E51D19D4DBD
:100B60002870042E2BDD3B792D2B17D1F81C06F0B5
:100B7000B6FD05260400631E0F2B01D901232B703F
:100B8000B81906F0B2FD80230600894F5B02984237
:100B900017D301232B7090493800C0E1052EEDD00A
:100BA0007A7905262D2AE9D100220EA88270FA78DA
:100BB0004370027006F093FD01360400DBE7052662
:100BC000DCE72B78002BE6D18449380006F083F966
:100BD0000A222100380006F0E4F92D21380006F041
:100BE0007EF9013C0A223100380006F0DEF9032CC0
:100BF00000D95DE77A4B6200E0B2D652FFF77EFB88
:100C000056E778490DA8FFF75BFA002819D1F81CC0
:100C100006F065FD431E0500654C73490F2B00D996
:100C2000F7E27249200006F056F90A222900200056
:100C300006F0B7F92D21200006F051F90A22FA2119
:100C4000FBE26B490DA8FFF73BFA0790002800D0A4
:100C5000EAE0604D2870042E4DDD3A792D2A38D116
:100C6000F81C06F03CFD05210890089B013B0F2B6A
:100C700001D901232B702B78002B00D0D1E04C1C24
:100C80007A1EA64242D9135D2D2B3BD1621A0B2A44
:100C90003AD879180EA8150006F046FF2021002347
:100CA00006AA521853550EA806F019FD0A90089B83
:100CB000013B0B93474B1B78002B00D0B1E0A642C1
:100CC00029D80B9B032B00D898E0079B0A9A9B1806
:100CD00099E00023052E12D07879052108932D285C
:100CE000C7D10EA88370FB784270037006F0F7FC42
:100CF00006210890B9E7079B05210893B9E7310061
:100D00000893B6E70134BCE70B22C2E701232B703E
:100D100000230A93CBE7631C09937A1E099B9E422A
:100D200002D0D35C2D2B1CD1099B1D1B012D16D984
:100D30000B2D00DD0B252A0039190EA806F0F4FE54
:100D40002021002306AA521853550EA806F0CDFC08
:100D500080235B02984208D301221E4B1A70099C23
:100D6000A8E7099B01330993D8E70B9B032B03D911
:100D7000079B01330793F2E7079B0A9A9B18F92B0D
:100D800006DC08999B0001391A4A5B185B009852EF
:100D9000079B0A9A013399180793089B164A013B4F
:100DA0009B0098588842DADA9950D8E70C850008F9
:100DB000800E0020FB820008438800084988000854
:100DC000818200084F8800088B820008598800083B
:100DD0007088000844020020748800086F880008AA
:100DE000B0040020DD880008B1880008DC88000815
:100DF000E1880008B804002098040020089AC44B39
:100E0000013A9200D35804932D23079AC1490292C4
:100E10000A9A03930092089A01930EA806F032FDF5
:100E20007BE0BD49BD487AE0BD490DA8FFF748F910
:100E3000002823D1BB4D2870F81C06F050FC04009C
:100E40000138B64E0F2803D901232B70B64913E0A1
:100E50002B78002BFAD1032808D8B44A8100135408
:100E6000B34A8B50AA4A8B50FFF7A4FAB14922002B
:100E70000EA806F007FD0EA9300050E0AE490DA8FF
:100E8000FFF71EF9051E00D07DE00024A54B079357
:100E90001C70042E0BDD3B792D2B43D1F81C06F082
:100EA0001EFC042304000893631E0F2B49D9012361
:100EB0000026079A1370079B1B780893002B60D1BC
:100EC000601E032820D82A00571EBA41974B9B4F1B
:100ED0001A549B4B1E549B4B07934300002D4CD040
:100EE000079AD15A089AF9529149870009917A5084
:100EF000002E09D19449079AC95AC0B2D152FFF7BE
:100F0000D9F90123099ABB502D2322008F4902965B
:100F1000019300950EA806F0B5FC80480EA905F0D7
:100F2000F5FFC5E5052EC2D07A792D2ABFD1FA7812
:100F30000EA884704370027006F0D1FB05230400F4
:100F4000B1E70026079B1B78B342B4D1089B581C1D
:100F5000381806F0C4FB0500012802D90123079ABE
:100F6000137008980330381806F0B9FB0600012802
:100F7000A1D90123079A13709DE7F95A079AD15214
:100F8000C2E773494EE773490DA8FFF799F8041EAD
:100F900064D1644D2870042E40DD3B792D2B2DD17A
:100FA000F81C06F09CFB052307900893079B013B68
:100FB0000F2B35D9012300262B702B78574F66490C
:100FC000002B00D0E8E5079B581E03280BD8621EB3
:100FD00051424A41614B1A5472427241604B1A5459
:100FE000C0B2FFF78BF92D235E49079A0296019351
:100FF00000940EA806F046FC0EA9CDE5052E0DD0F6
:101000007A7907902D2AD5D1FA780EA8437084708A
:10101000027006F064FB06230790C6E70794C9E751
:1010200000262B78B342C8D1089BFE18300006F08A
:1010300056FB0400012801D901232B7073782D2B56
:1010400001D001232B7008980230381806F047FBB6
:1010500006000128B1D901232B70AEE742490DA843
:10106000FFF72EF8031E43D12E4C2C4D2070042E7A
:1010700004DC012323703D49280050E73A792D2AEA
:1010800027D1F81C06F02BFB07900520079B5E1E5E
:101090000F2EEED82378002BEDD1381806F025FB63
:1010A0000700032E02D8324BB600F0503149280019
:1010B00005F011FF0A220799280005F072FF2D2183
:1010C000280005F00CFF0A223900280005F083FFF4
:1010D000EEE4052ECDD079792D29CAD10EA88370E2
:1010E000FB784270037006F0FAFA07900620CDE70D
:1010F00021490DA8FEF7E4FF031E6AD1094C074DF4
:101100002070042E3CDC012323701C49B4E7C04648
:1011100098040020E5880008F8880008800E002068
:1011200053890008440200205E89000884040020DE
:10113000880400205789000888890008A804002036
:1011400080040020B0040020B80400208C8900082E
:101150009B890008088A00081B8A00087C0400207C
:10116000780400200C8A00088C8A0008908A000805
:10117000680400208B8A0008D18A0008D58A0008FC
:101180003A792D2A16D1F81C06F0A9FA0790052005
:10119000079B5E1E0F2EB6D82378002BB5D13818CA
:1011A00006F0A3FA0700032E02D8BD4BB600F0509C
:1011B000BC497CE7052EA6D079792D29A3D10EA8AC
:1011C0008370FB784270037006F089FA079006205E
:1011D000DEE7B5490DA8FEF773FF00282FD1B34E07
:1011E0003070F81C06F07BFA05000620092D00DCA3
:1011F0000138381806F073FA431E0700042B01D992
:10120000012333706B1EAA4C0F2B04D901233370BA
:10121000A849200083E63378002BF9D1A6492000A5
:1012200005F059FE0A222900200005F0BAFE2D2102
:10123000200005F054FE0A223900200079E49F497D
:101240000DA8FEF73DFF00282AD1F81C06F047FA4A
:10125000974E0500012801D999490DE6781D06F041
:101260003EFA0400FF28F7D89649300005F033FE17
:101270000A222900300005F094FE2D21300005F0EF
:101280002EFE0A222100300005F08FFE002D01D035
:10129000FFF70EFC8C4B1C70FFF76CF8FFF708FC97
:1012A0008A490DA8FEF70CFF002809D1F81C06F0AA
:1012B00016FA7F4C050086490128AAD88549B1E471
:1012C00085490DA8FEF7FCFE0790002800D093E0AA
:1012D000764D2870F81C06F002FA0A90012805D90C
:1012E00001232B70042E03DC7C499BE5042E05DDD5
:1012F0003B792D2B02D001232B70F5E72B780624A8
:101300007A1E002BF0D1A64224D9135D2D2B1DD1BE
:10131000621F0B2A1CD8791D0EA8150006F004FCCC
:101320002021002306AA521853550EA806F0D7F91B
:1013300009905E4B1B78002BD6D1A6420FD80A9B92
:10134000002B4CD0079B099A9B184AE00134DAE73E
:101350000B22E0E701232B7000230993E9E7631CCC
:1013600008937A1E089B9E4202D0D35C2D2B1AD183
:10137000089B1D1B012D14D90B2D00DD0B252A0008
:1013800039190EA806F0D0FB2021002306AA521816
:1013900053550EA806F0A3F9FF2808D90122434BA4
:1013A0001A70089CC5E7089B01330893DAE7079B8E
:1013B0000A9A0133002A01D00793F2E70999079AA4
:1013C0008C466244F92A01DC45498854099A0793FE
:1013D0009A18444B19689142E3DA1A60E1E7414BED
:1013E0001B6804932D23079A3F490292099A03939D
:1013F000009201930A9A10E53C490DA8FEF760FEA1
:101400002B4C00281FD1294E3070F81C06F067F9CC
:101410000500012803D9012333703549F9E63378F3
:10142000002BFAD1002807D1324B1870324B1860CC
:101430002C4B1860FEF7D2FF2A0030490EA806F0A8
:1014400021FA0EA9E5E62E490DA8FEF739FE00287F
:1014500000D082E0154D2870F81C06F040F9079086
:10146000012801D901232B70072E02DC01232B70E8
:1014700013E02B78002B10D1781D06F030F9060010
:10148000012801D901232B70F81D06F028F9070067
:101490000128EBD82B78002B36D01A49B9E6C04684
:1014A00058040020D08A0008168B0008440200204F
:1014B000800E00201A8B0008158B0008B08B0008E6
:1014C000768B0008AF8B00085D030020DD8B0008E1
:1014D000B48B0008DC8B0008E18B0008F88B000857
:1014E0005E03002058030020E58B0008488C0008AC
:1014F000538C000850030020540300204C8C00083B
:101500007C8C00088F8C0008079B002B18D13200C0
:10151000511E8A413C4B1A703C4B3D4A18703D4B62
:10152000002E17D019783C4D1170079A2A600028B8
:1015300006D13A4A10781870FEF704FF01232B6099
:1015400037492D23079A0297019300960EA806F0BB
:1015500099F976E712781A70F2E732490DA8FEF78A
:10156000AFFD002817D100232F4D2B70072E30DC44
:1015700001232B7046E0079B002B0AD1721E5142BB
:101580004A412A4B1A700122294B82431A70FEF7F6
:10159000F1FE2849D5E728490DA8FEF791FD00285E
:1015A00015D1214E3070F81C06F099F8050001287D
:1015B00003D90123337021492BE63378002BFAD16C
:1015C0001F49200005F087FC0A22290035E61D4945
:1015D0001FE6F81C06F083F80790012801D90123C3
:1015E0002B70781D06F07BF80600012801D9012335
:1015F0002B70F81D06F073F807000128B8D82B7877
:10160000002BB8D0104904E6500300204F030020FF
:101610005C0300205D030020540300205E030020D3
:10162000808C0008FB8C0008440200204E03002040
:101630004D030020FF8C00087D8D0008818D00087F
:101640007C8D0008598800080E8D0008F7B5C82069
:1016500005F0A8FD431E9841454BC2B2197881425E
:1016600065D00024434F444E444D1A70E3B20193B9
:10167000434B1B5D002B26D0424A3D4B125D1B782D
:101680009A4220D12868404A83001B195B00995A6E
:10169000431C3E48A20082583980934200DB00235D
:1016A0002B603378002B0BD0394A314B125D1B78FD
:1016B00000219A4200D139880198FEF7FBFD05E030
:1016C0000198FEF7F7FD3378002BEDD10134023796
:1016D00001360435042CC9D12E4B2F491B78002B21
:1016E00022D0234A2D4B12781B789A421CD12C4AC7
:1016F0002C4813682C4CC05C013320702B4C1360B9
:101700002468A34201DB002313600B78002B08D070
:10171000274A174B12781B7800209A4201D1224B9E
:101720001878FEF70FFE02E00B78002BF0D1214C69
:10173000200003F089FF002800D1F7BD200003F04E
:101740008BFF1D4CC3B221680A2B09D100251B4811
:101750004354013121604554FFF78EF92560E6E7D7
:10176000FD29E4DC4A1C2260144A5354DFE7C046DA
:101770004C030020B00400207C04002088040020DA
:101780008404002080040020B80400209804002075
:1017900078040020500300204E0300204F03002057
:1017A000540300205E0300205D0300205803002046
:1017B0004D030020800E0020480200204C02002033
:1017C000F8B51C00494B1600836701230D00C36761
:1017D00068220021070006F04FF9F3B2242B2CD821
:1017E000E02243499B00D20032405E581643EBB2E0
:1017F000BE66242B37D8E0223D499B00D2002A4008
:101800005D581543E3B2FD66242B42D8E0223849E7
:101810009B00D20022405C581443069B3C67DBB21D
:10182000242B4CD8E022324906989B00D2005B580A
:101830000240134338007B67F8BDC0223240C02A03
:101840000ED1C92B0CD83F232A4933409B005B584B
:10185000E021274A9B009B58C9000E401E43C6E763
:1018600001267642C3E7C0222A40C02A0ED1C92BE6
:101870000CD83F231F492B409B005B58E0211C4A9A
:101880009B009B58C9000D401D43BBE701256D42DD
:10189000B8E7C0222240C02A0ED1C92B0CD83F2362
:1018A000144923409B005B58E021114A9B009B5840
:1018B000C9000C401C43B0E701246442ADE7C022DC
:1018C00006990A40C02A0ED1C92B0CD83F2306988E
:1018D000084903409B005958E023054A8900DB0072
:1018E0008A580340A5E701235B42A3E700093D00B6
:1018F0004093000818930008030013B50924002240
:101900005D331C7734345C7704001A70DA769A778A
:1019100001237C34A170237062700091014900F0B2
:1019200049F813BD00093D0030B5836F85B002ADA5
:10193000040002916A608B4203D1C36F53401B02C3
:1019400013D0200007222900783006F0EDF821009E
:10195000230022007E3109787C337D321B78127897
:1019600000912000A16F00F025F805B030BD10B542
:1019700014005A4253415A420A40A3B200F02EF9D1
:1019800010BD0000252307B5C6220093C7210248D9
:10199000A033FFF715FF07BD880C002010B5002805
:1019A00002D1034B186810BD01F052FCFBE7C046A2
:1019B00050000020F0B589B004930EAB1B780400F2
:1019C0000D0016000593002800D1D2E0764BC06EC2
:1019D0001900029303F01EFB74490090A06E03F0FF
:1019E00019FB73490700206F03F014FB7149019044
:1019F000606F03F00FFB009B0390002B00D1B8E059
:101A0000002F00D1B5E0019B002B00D1B1E03900DF
:101A1000009803F02DFB03990700019803F028FBC1
:101A200001000090380003F023FB6066002F00D116
:101A30009FE0009B002B00D19BE0002800D198E0A4
:101A4000636F206001335A4253415B4A5B4213404B
:101A50008022D2029B18A361059B5A1E9341574ACC
:101A60005B4213400533FF336360FFF797FF0023AA
:101A70004208AA4218D982080833AA4214D9C208D7
:101A80000833AA4210D902090833AA420CD94209E4
:101A90000833AA4208D982090833AA4204D9C009E6
:101AA0000833A84200D90833E3613200331E07D05F
:101AB0000023022E04D0731E5A1E93415A000123A4
:101AC00063610723E362E023DB00E360049B2261A0
:101AD0005A4253410025DB0123620299E06EA56062
:101AE000A5626562656303F07BFA3049A06E03F07E
:101AF00077FA2F49206F03F073FA21694B4259415D
:101B0000236F01311A06120F052A02D82C489200C1
:101B100015580F202B4A03409B009B5803225B4320
:101B20005A43D243022926D0E9680A401343EB60A6
:101B30002049606F03F054FA2368234A93421ED170
:101B40008022224B52019969114399619969114090
:101B500006910699D9680A43DA60DA681C490A4096
:101B6000DA60200001F02AFC4023226811680B4350
:101B7000136009B0F0BDE9685B000A40D6E7154A7A
:101B80009342EED18022114BD201D9691143D96120
:101B9000D96911400791079919690A431A611A69AD
:101BA0000D490A401A61DCE73090000800900008F7
:101BB000C48F0008888F00080002FCFFFCFEFFFFB6
:101BC00014000020988E00080030014000100240F0
:101BD000FFEFFFFF00380040FFBFFFFFF7B50E002B
:101BE00017000224002B29D00568009300F06CF840
:101BF0000190AB682342FCD0FF23002E01D0337844
:101C000001362B730123AA681A42FCD02B7B002FCC
:101C100001D03B70013700F057F8009B013B009367
:101C2000019BC01AFA239B00984209D2009B002B0B
:101C3000DFD11C008023AA681A42FCD12000FEBD1F
:101C40000124F7E77047000070B50500FA200D4B3E
:101C500080001978FEF764FA0B4C01002068FEF74B
:101C60005FFA00F07DF804000120002C09D1032D5B
:101C700007D802382200290000F02CF82000034B7E
:101C80001D6070BD08000020500000200C000020E6
:101C90001023064A10B5116800200B431360FFF7AC
:101CA000D3FFFFF7CFFF002010BDC0460020024049
:101CB000034A044B11681B785B1813607047C046D9
:101CC000080D002008000020014B18687047C0462E
:101CD000080D002010B5FF2403220B002100024054
:101CE000D20091409B012340C943934000280ADB66
:101CF000C0240B4A800880008018A40002590A40C2
:101D00001343035110BD0F2210400838054A8008C4
:101D100080008018C26911401943C161F2E7C046D2
:101D200000E100E000ED00E0002805DB1F23184083
:101D30001E3B8340014A13607047C04600E100E04B
:101D4000002809DB1F2318401E3B8340034AD3674A
:101D5000BFF34F8FBFF36F8F7047C04604E100E0C1
:101D60008022431E5204012093420DD2C021074A13
:101D700007485360036A09061B021B0A0B430362F0
:101D800000200723906013607047C04610E000E019
:101D900000ED00E0002807DB1F23C02218401E3B97
:101DA0008340024952008B507047C04600E100E07A
:101DB000704710B5FFF7FCFF10BD704710B5041E4B
:101DC00001D1012010BD437FDAB2002B02D102778E
:101DD000FFF7F3FF022363772379002B1CD118212F
:101DE0002368124A5A619A688A439A606279236822
:101DF000002A19D1013A60211A619A6800208A43A9
:101E000061690A4380219A609A688A43A1690A43FA
:101E10009A6001236377D5E72000E268A16800F0AB
:101E200007F80028E2D0CCE72269E4E7B71DC10437
:101E300030B5012504001E232800294202D130BDFF
:101E4000013B21D30800D8402842F9D0102A17D0EE
:101E5000102A07D8002A0AD00120082AEFD10F2B18
:101E6000EDD804E00120182AE9D1062BE7D8206834
:101E70004161182183688B43134383600020DEE7B0
:101E80000120072BF3D9DAE70120102AE0D1D6E7A9
:101E900010B504000120002C08D00223200023717B
:101EA00002F0B4FE002020616071207110BD01229B
:101EB00030B515008D4004682368AB432360027180
:101EC000002030BD30B5841CE27F0300022A06D01A
:101ED00004228263012000220133DA7730BD0268D8
:101EE0000E2011688143116001210D0010688843A4
:101EF0001060186CDA6B854000205560E177EAE7E6
:101F000070B5841CE37F022B03D00423836301207C
:101F100070BD0E2103681A688A431A6001221500F9
:101F2000196891431960016CC36B8D405D60E27765
:101F300083180022DA77436B934200D09847002041
:101F4000E6E70000044B10B55A69104202D0586110
:101F500002F002FF10BDC0460004014070B504004D
:101F60000120002C2BD0224D635DDAB2002B05D16D
:101F7000A4239B002000E25404F064F8032363557B
:101F8000206802F051F9002322001900012620796F
:101F90001032984214D10021220008005132FF3241
:101FA0008B4217D16168A268206802F047F90023CC
:101FB000237301336355A37A012B15D0002070BD24
:101FC000137001335670D170116151619161DBB2B0
:101FD0002832DEE7117001315070D070106150610D
:101FE0009061C9B22832DBE7200000F00CFEE5E783
:101FF0009102000070B5A425AD00435D04000220ED
:10200000012B09D001236355206802F003F92068F1
:1020100002F00FFB0020605570BD70B5A425AD0027
:10202000435D04000220012B07D001236355206883
:10203000217302F0F7FA0020605570BDF0B504007E
:1020400087B0006802F004FB802305001B021D40DE
:10205000184201D100F026FC2068821DD38F1BB2EC
:10206000002B01DB07B0F0BD0F21D38F1940019188
:102070000F219AB20B4200D0C0E01023110019408A
:102080001A4227D10388C84A134080221202134300
:102090000380030050331A88237CDB00C3189B188D
:1020A000C24A20009B181B88626A9B059B0DE36255
:1020B000D318636204F00FF8237B002BCCD0A16A05
:1020C0000029C9D18020227B236802434C331A8027
:1020D0002173C1E7028880211600090193B20E40E6
:1020E0000A4222D0030050331A88A8235B00E35C25
:1020F000A621DB00C3189B18AD4A89009B1822005B
:102100001B8851329B059B0DFF32D3616118D28829
:1021100002F0FCFC2168A74B0A8820001A408023AB
:1021200013430B8003F0C2FF96E71BB2002B00DBCA
:1021300092E702889F4B25001A40802313430380B7
:10214000030050331A88A8235B00E35C5135DB00A1
:10215000C3189B18964AFF359B181B889B059B0D3F
:10216000EB610DD0696900290AD0EA8802F0CEFC43
:102170006B69EA6931009B1820006B6103F09FFFD7
:1021800021680A8893B2120500D565E7C022920142
:102190001340934200D15FE70B0050331A88844B01
:1021A000CB189B181A889205920D1A802A69002A6A
:1021B0000ED180201A88000202431A800A887E4BC2
:1021C0001A40C0239B0153407C4A13430B8043E7D2
:1021D0003E2A08D8012655083240AA1818889202CB
:1021E000024392B2E9E71F2550092A4055426A414D
:1021F000801A1A8880021043714AF1E7019B9B0004
:10220000C2180393138899B21BB20291002B40DAD3
:10221000138868490B4080210B4313802823019ABF
:102220005343E3181E001D0019005D36FF3651357B
:102230003678FF35FC312A788F6E002E67D1010089
:1022400050310988D2005218594912185218128870
:1022500057339205950D002A00D09EE0282301995E
:1022600059436218FC32106F40191067906E401984
:102270009066D06E002803D0526E954200D3FCE0E9
:10228000019A20005343E3185133FF33197803F0C8
:1022900016FF8022029B134200D1DDE62068039BDB
:1022A0004149C2181388019E0B4045490B439BB21C
:1022B000138028225643A319D97C012900D00FE1AD
:1022C000019901314A43002111511A7F8A4200D1FC
:1022D000E6E04022029D029E1540164200D1E8E051
:1022E0005A7C8A4200D0CFE00200503211881A7C1A
:1022F0002E4BD200C01841185218138830499B0544
:102300009B0D138013880B439BB21380C8E01E0003
:102310005436FF363678022E00D088E08026F6014B
:10232000B4466546029ECB6E2E400596060050369A
:1023300004966646029D354248D0049D2E88D500FD
:1023400076191A4D361876193588AD05AD0D9D42B2
:102350000DD90023CB66910041180E88164B3340EF
:102360008026B6017340154E33430B8002E05B1BA1
:10237000CB66F0D0029B5B0607D5920082181388CB
:1023800010490B4010490B431380002D00D165E725
:102390002823019A5343E3185933FF331A8839002D
:1023A0002B0002F0B3FB59E70F8FFFFF0204000080
:1023B000060400008F0F00008FBFFFFF8080000029
:1023C0000080FFFF8F8FFFFFC0800000049D2E88DC
:1023D000D5007619C64D361876193588AD05AD0D80
:1023E0009D420DD9059BCB66910041180E88C14BCB
:1023F00033408026B6017340BF4E33430B8002E06A
:102400005B1BCB66F0D0029B5B0607D49200821860
:102410001388BA490B40BA490B431380002D00D1F1
:102420001CE72823019A5343E3185B33B5E7920076
:1024300082181688B1493140B14E314311802A7853
:10244000910041180D88010050310988D2008A1886
:1024500012186D0408D5AB49521812889205950DD3
:10246000002A00D1FAE697E7A1495218128892058E
:10247000950D002A00D1F1E6D7E75131FF312068F0
:10248000611802F0FFF804E7012A09D102009D4D0E
:10249000503212881B7C4019DB0080181B181980F1
:1024A0002823019A5343E318197C200003F013FEFC
:1024B000D2E55A7C002A06D10200503211881A7CDB
:1024C0008B4BD20016E7012AEAD10200884950322C
:1024D00012881B7C4018DB0080181B181D80DFE76A
:1024E000802702997F0039401A7C8C46029903921A
:1024F0009D6AD20039421CD1070050373F88BF186F
:10250000804A3F18BF183A889205920DAA4203D319
:10251000624603999A62C8E7596AAD1A89185962E6
:10252000D96A10368A189D62DA62A11902F0AAF8F7
:1025300092E540218C46029F06000F4004976746B3
:1025400002995036394200D1E2E06E493788461888
:102550000021F719BF5A8C46BF05BF0DAF4201D20B
:10256000E91B8C466146802599620299ED0129405C
:102570000D006146002947D1282301994B43E318F8
:102580005B7C002B30D1070050373B885E49F31845
:102590009B181E88B605B60D1E801E880E43B6B267
:1025A0001E80534E3B888019C018801803889B05F5
:1025B0009B0D038003880B439BB20380200003998B
:1025C00003F089FD002D00D1DFE02823019A4B495B
:1025D0005343E3181B7C22689B00D21813880B40DE
:1025E0004A490B431380D0E0012BE7D10700614635
:1025F00050373B88F3189B1819803D493B88401899
:10260000C01880186346D8E7002D0CD003998900C4
:1026100041180D880291AC466146384D0D403B494A
:102620000D4302990D80282501994D4334218C4694
:102630006519AC4461460978012900D0A5E0696AB2
:10264000C91969620291D96AC919D9622B6B296AC1
:102650008B421AD35B1A2B632823019D6B43E3182B
:102660005D7C8BB2002D3AD1050050352D8875194F
:10267000AA181588AD05AD0D1580002911D1118856
:10268000214D294389B2118016E0002B03D1614608
:102690000B703900E0E700216746397029631900A3
:1026A000DAE73E2911D801274E080F401588F619A0
:1026B000B6023543ADB21580282201994A43A218CB
:1026C000128B029901F0C8FF5FE01F264D093140CF
:1026D0004E4271416D1A1188AD022943D0E7012D98
:1026E000EAD10100503109887618B6183380E3E743
:1026F000060400008FBFFFFF808000008F8FFFFF68
:10270000C0800000020400000080FFFF80C00000C5
:10271000AE4936888C4684446644B65A049FB60552
:10272000B60DAE4200D8AF1B80250299ED012940BD
:102730000D009F62002F49D1282301994B43E318D4
:102740005B7C002B33D10300A14950331E88401815
:102750008019801806889F49B605B60D0680068840
:102760000E43B6B206801B8863449B181A889205F4
:10277000920D1A801A880A4392B21A802000039997
:1027800003F0A9FC002D00D11FE72823019A534331
:10279000E3181B7C22689B00D21811888E4B1940CD
:1027A00030234B408D490B431380FFF755FC012B21
:1027B000E4D10300864950331E88401880198018E0
:1027C00007801B8863449B181F80D7E7002908D126
:1027D0000399834D890041180F883D40814F3D4347
:1027E0000D80282701994F43E719390034310291B0
:1027F00009780129C9D1796A89197962DD6AAD1927
:10280000DD623B6B3D6AAB421AD35B1B3B63282303
:10281000019E7343E3185E7CABB2002E39D10600F3
:10282000503636886644B2181688B605B60D16803E
:10283000002D11D11588674E3543ADB2158018E0D3
:10284000002B03D1029D2B703500E0E70025029E8E
:102850003D6335701D00DAE73E2D10D816886F08ED
:102860000296012635407F19029EBF023E43B6B252
:1028700016802822019D6A43A218528B22E71F2747
:102880006E093D406F427D41761B1588B602354387
:10289000D1E7012EEDD1050050352D886544AA18E9
:1028A0001380E6E743050ED523684F490633DA8FD8
:1028B00020000A40DA8703F020FC29002000FFF7FF
:1028C000ACFBFFF7CFFB430407D52368474906332A
:1028D000DA8F0A40DA87FFF7C5FB802301009B01EE
:1028E0001940184204D0236841490633DA8FF0E7D3
:1028F000C3041AD5042023680233DA8F8243DA87AF
:10290000DA8F00188243DA87B2239B00E25C012A47
:1029100003D12000E15400F08AF9200003F00CFC00
:10292000236834490633DA8FD3E7030513D508212A
:1029300023689A1CD08F06330143D187D98F2E4844
:102940000140D9870423D18F0B43D387200003F0A4
:10295000E1FBFFF787FB8025284221D0B2202368C6
:102960008000991DCA8FAA43CA87225C002AEDD134
:1029700004219A1CD58F54332943D1870821D58F40
:102980002943D18701213C2221541B8820009B0828
:102990001340B3229200A35000F049F9FFF762FB05
:1029A00083050AD5236815490633DA8F20000A40CB
:1029B000DA8703F09BFBFFF755FBC00501D4FFF757
:1029C00051FB23680E490633DA8F82E706040000C4
:1029D000020400000080FFFFBF8FFFFF8080000027
:1029E0008F8FFFFF80C00000FFFBFFFFFFBFFFFFD7
:1029F000FFDFFFFFFFEFFFFFFFF7FFFFFFFDFFFF21
:102A0000FFFEFFFF70B5040007200D0008402821DD
:102A100041436DB26618002D18DA01251031611896
:102A2000757408700A61CB70022B01D100230B7101
:102A3000A425AD00635D0220012B06D00123635560
:102A4000206801F009FC0020605570BD002551315F
:102A50005236FF31FF3661183570E2E707220B006E
:102A60000A40282151435BB270B504004018002B86
:102A700012DA0123103161184374A4250A70AD00E5
:102A8000635D0220012B06D001236355206801F00D
:102A9000F3FC0020605570BD002351315230FF31EE
:102AA000FF3061180370E8E7F8B5072421402134AE
:102AB0004C4306193700FC37FB66330000255233C0
:102AC0005136FF33FF3651343D67BA66FF341D700F
:102AD00031700119006801F0D5FD2800F8BD072309
:102AE0000B40282159434018FC30006F704770B5E7
:102AF0000724214021344C4306193500726201221B
:102B00003435B3622A700025317472741034F56262
:102B100033630119006801F0B5FD280070BD07227C
:102B200070B5037904000A400120934219D348B2DA
:102B30002823002816DA5343190001201031E31826
:102B4000611858740123A4258B700A70AD00625D72
:102B500002209A4205D06355206801F007FD00204D
:102B6000605570BD4B4319000020E31851315233BA
:102B7000FF31FF3361181870E4E70B000F2270B5C6
:102B8000017904001A40012091421BD30722282119
:102B90001A4051435BB26018002B14DA0123103144
:102BA000611843740025A4268D700A70B600A35DD9
:102BB0000220012B06D00123A355206801F0F8FC68
:102BC0002800A55570BD002351315230FF31FF3030
:102BD00061180370E6E730B528240D060BD50725EC
:102BE00029404C431034001999B2002A07D10273CE
:102BF000C180002030BD4C435134FF34F3E7012243
:102C000083600273F5E703680200B420012110B568
:102C10008000B22411500020A400105554331A88AB
:102C200011430222198019880A431A8010BD704787
:102C3000F0B5040085B0002802D1012005B0F0BD38
:102C40000368DB0733D423689B0700D587E023683C
:102C50001B0700D5C8E023685B0700D5EBE02368BD
:102C6000DB061AD562690423B94D012A00D054E16C
:102C7000696B02270B436B636B6B1A436A63FFF745
:102C800023F806006B6B3B4200D13FE1F8216A6BF1
:102C9000A3698A43DB0013436B6323689B0600D55B
:102CA00062E1636A002B00D0A1E10020C6E70C229C
:102CB000A74D6B681340042B0BD06B681340082B97
:102CC0000ED1C0226B6852021340802252029342FE
:102CD00006D12B689B03B6D56368002BB3D1ACE754
:102CE0006368012B13D180232A685B0213432B6096
:102CF000FEF7EAFF80270600BF022B683B42A2D105
:102D0000FEF7E2FF801B6428F7D9032096E7002B2B
:102D100015D12B688F4A802713402B602B688E4A71
:102D2000BF0213402B60FEF7CFFF06002B683B422B
:102D300089D0FEF7C9FF801B6428F7D9E5E7052B8A
:102D400005D180232A68DB0213432B60CBE72B6875
:102D5000804A13402B602B687F4A1340C7E70C2240
:102D60007B4D6B6813420BD06B681340082B16D158
:102D7000C0226B68520213408022120293420ED18D
:102D80002B689B0703D5E368012B00D055E7F8219A
:102D90002A6823698A43DB0013432B6057E7E26804
:102DA0000123002A0FD02A68022713432B60FEF765
:102DB0008BFF06002B683B42E9D1FEF785FF801BA5
:102DC0000228F7D9A1E72A6802279A432A60FEF76A
:102DD0007BFF06002B683B4200D138E7FEF774FF0B
:102DE000801B0228F6D990E7E2690123584D002A9A
:102DF00010D06A6A022713436B62FEF765FF060074
:102E00006B6A3B4200D026E7FEF75EFF801B02287C
:102E1000F6D97AE76A6A02279A436A62FEF754FF94
:102E200006006B6A3B4200D115E7FEF74DFF801BA1
:102E30000228F6D969E780220021454D5205EB6949
:102E40000091134208D1EB691343EB61EB69134026
:102E50000393039B012300938027404E7F00336838
:102E60003B4215D0A368012B22D12A6A13432B625F
:102E7000FEF72AFF022706002B6A3B423FD0009B49
:102E8000012B00D0EBE6EB69354A1340EB61E6E637
:102E900033683B433360FEF717FF019033683B42D2
:102EA000E0D1FEF711FF019BC01A6428F6D92CE788
:102EB0000122002B14D12B6A022793432B622B6A29
:102EC000033293432B62FEF7FFFE06002B6A3B4260
:102ED000D5D0FEF7F9FE234B801B9842F6D914E7B4
:102EE000052B05D1296A013B0B432B622B6ABDE7F9
:102EF0002B6A934304222B622B6A9343B7E7FEF7B6
:102F0000E3FE184B801B9842B6D9FEE6FEF7DCFEC6
:102F1000801B022800D8B5E6F7E6053203D16A6BBC
:102F20009A436A63B2E66A6B0227134301226B631A
:102F30006B6B93436B63FEF7C7FE06006B6B3B4204
:102F400000D1AAE6FEF7C0FE801B0228F6D9DCE617
:102F500000100240FFFFFEFFFFFFFBFF007000407C
:102F6000FFFFFFEF881300000C22554D6B681340E4
:102F7000934209D06B681340082B0ED1C0226B68B6
:102F800052021340934208D16B6B9B0300D488E636
:102F9000236A012B00D050E683E6236A002B13D06E
:102FA00080236A6B5B0213436B63FEF78DFE802701
:102FB0000600BF026B6B3B4200D072E6FEF784FE58
:102FC000801B0228F6D9A0E66B6B3E4A802713408F
:102FD0006B63FEF779FE0600BF026B6B3B4200D1CC
:102FE0005FE6FEF771FE801B0228F6D98DE60C2104
:102FF000334D6A680A40082A47D0334A022B32D13F
:103000002B68802713402B60FEF75EFE0600BF048E
:103010002B683B4221D10F22EB6A80269343226B1F
:10302000B6041343EB62A16AE36A6A680B4327495B
:103030000A4013436B6080232A685B0413432B60B0
:10304000FEF742FE04002B68334200D02DE6FEF767
:103050003BFE001B0228F6D957E6FEF735FE801B23
:103060000228D5D951E62B68802613402B60FEF745
:103070002BFE0400B6042B68334200D115E6FEF7A0
:1030800023FE001B0228F6D93FE6012B00D1D4E530
:10309000C0226868A16A5202EB6A02408A4200D0EC
:1030A000CBE50F221340226B934200D0C5E5F023FD
:1030B0009B031840E36AC01A431E9841C0B2BDE5A5
:1030C00000100240FFFFFEFFFFFFFFFEFF7FC2FF79
:1030D0000C2070B5134D6B681840082808D00C38C8
:1030E00043425841104B40421840104BC01870BD2D
:1030F0000F200F499A0C02408C5CEA6A0D4902408D
:10310000895CC0228020520213404002834201D1D8
:10311000064802E09342FBD10748FDF701F86043FF
:10312000E5E7C04600100240005A620200127A0031
:10313000878E0008778E0008006CDC02F7B504006B
:103140000F00002801D10120FEBD01223A4D2B685D
:1031500013408B421CD32268930722D4D2072FD46A
:1031600001232A681A40BA4257D82368334D5B07B7
:103170005AD4FFF7ADFF6B68314A1B061B0FD35CB7
:103180003049D84008600020FEF75EFD0020DBE7F4
:103190002B6893430B432B602B6813408B42D2D197
:1031A000D9E72649530704D5E0234868DB000343E9
:1031B0004B60F0204B688343A06803434B60CDE72E
:1031C00062681E4E012A03D133689B0305D4BAE717
:1031D000022A1AD133689B01B5D5032173688B434A
:1031E00013437360FEF770FD01900C2372681A4060
:1031F00063689B009A42B3D0FEF766FD019BC01A3C
:10320000114B9842F1D903209EE7032A01D1736B39
:10321000DBE733689B07E0D495E72A689A432A6086
:103220002A681A42A1D08EE76B68084A1340E26808
:1032300013436B609DE7C04600200240001002402F
:10324000E08E00085000002088130000FFF8FFFF08
:10325000044B054A5B6805495B055B0FCB5C106856
:10326000D84070470010024050000020D88E00085F
:10327000F0B50368050085B0DB032AD58022002164
:10328000464C5205E3690091134208D1E3691343A8
:10329000E361E36913400393039B012300938027B9
:1032A0003F4E7F0033683B423CD0236AC022190066
:1032B00092003C4E1140134246D1236A6A68334063
:1032C00013432362009B012B03D1E369364A134069
:1032D000E3612B68DA0706D5032030490A6B824385
:1032E000A86802430A639A0706D52C492F480A6B3F
:1032F0000240E86802430A639A0606D5102027496F
:103300000A6B8243286902430A639A0306D5802028
:1033100022490A6B8243A86902430A635B0534D4DD
:1033200000200FE033683B433360FEF7CDFC019093
:1033300033683B42B9D1FEF7C7FC019BC01A642831
:10334000F6D9032005B0F0BD6B6813408B42B4D0B2
:103350008022236A206A1900520202432262226AF2
:1033600013483140024022622162DB07A5D5FEF7F7
:10337000ABFC07000222236A13429ED1FEF7A4FC95
:103380000C4BC01B9842F5D9DBE74021034A136B75
:103390008B4369690B431363C2E7C04600100240C8
:1033A00000700040FFFCFFFFFFFFFFEFFFFFFCFF8F
:1033B000FFFFFEFF8813000070470000F8B504000F
:1033C0000120002C67D0636A002B65D182226168DE
:1033D0005200914200D0E36100232500A3625D35D5
:1033E0002B78DAB2002B05D123005C3320001A7051
:1033F000FFF7E2FF022340222B702168E6680B688A
:103400009343E0220B60D2000023964248D9F02279
:1034100018001201964200D0A362822284276368BA
:1034200052001340A2683F023A4002271343226928
:10343000A5693A4013430122676917403B4380273F
:10344000BF002F403B43E769373217403B43276AB1
:103450004832174080223B43A76A920117403B4302
:10346000102708220B60636A2D0C3B40676B1740E6
:103470003B43F0273F013E403343042635402B4376
:1034800003434B60CB69084803400020CB61012314
:1034900020665D342370F8BD0023236163619BE7E0
:1034A00080204001B6E7C046FFF7FFFF7047704736
:1034B0000222036870B5DD681E69040016420DD053
:1034C00015420BD0053A1A61043202779B699B07BB
:1034D00000D171E000F067FE0023237704231E4231
:1034E00011D01D420FD00522236852421A610732C3
:1034F00022779A69C0239B0020001A4262D000F014
:1035000052FE0023237708231E420FD01D420DD008
:103510000922236852421A610D322277DB692000AA
:103520009B0755D000F03FFE0023237710231E4257
:1035300011D01D420FD01122236852421A61193254
:103540002277DA69C0239B0020001A4246D000F09F
:103550002AFE0023237701231E4208D01D4206D0F5
:1035600002222368524220001A6100F0F1FD8023FC
:103570001E4208D01D4206D08122236852422000FC
:103580001A6100F0A8F840231E4208D01D4206D060
:1035900041222368524220001A61FFF788FF20234E
:1035A0001E4208D01D4206D021222368524220002C
:1035B0001A6100F08FF870BD00F0F1FD2000FFF7F8
:1035C00075FF89E700F0EBFD2000FFF76FFF98E73C
:1035D00000F0E5FD2000FFF769FFA5E700F0DFFD43
:1035E0002000FFF763FFB4E710B51F4C0368A0424B
:1035F00006D08022D205904202D01C4A904208D1C7
:10360000702293434A681343194A1A40CB68134304
:103610000BE0184A9042F7D0174A9042F4D0174A6C
:103620009042F1D0164A9042EED0802293434A69EC
:10363000134303608B68C3620B688362A04208D0A7
:103640000D4B984205D00D4B984202D00C4B98423E
:1036500001D10B690363012242610369134202D065
:1036600003699343036110BD002C01400004004036
:10367000FFFCFFFF002000400040014000440140EB
:103680000048014070B504000120002C21D0250025
:103690003D352B78DAB2002B05D123003C332000D6
:1036A0001A7001F0A5FE02232B702068211DFFF780
:1036B0009BFF220001230020463213704534083A54
:1036C000137053709370D37013715371937123708F
:1036D0002B7070BD7047704730B5EFF31084012236
:1036E00082F310880168124D0B682B400B6084F345
:1036F0001088EFF3108482F3108801688B6893437D
:103700008B6084F31088036E93420AD1EFF310812B
:1037100083F31088102402681368A343136081F3B5
:1037200010882022031DDA6700230366836630BDFC
:10373000DFFEFFFF30B5EFF31084012282F3108823
:10374000802501680B68AB430B6084F31088EFF3AE
:10375000108182F3108840230268106803431360CD
:1037600081F3108830BDC36F10B5212B06D1020044
:1037700052321388002B02D1FFF7DCFF10BDC36C5F
:1037800001681C7801330C85C3641388013B9BB22C
:103790001380F3E7C36F10B5212B06D1010052311E
:1037A0000B88002B02D1FFF7C5FF10BDC26C046867
:1037B00013880232DB05DB0D2385C2640B88013BD5
:1037C0009BB20B80F1E7000010B5C46F030002202C
:1037D000202C32D1013800292FD0002A2DD0802072
:1037E0009C684001844205D11869002802D101304B
:1037F000014222D1D964190050310A804A801A004E
:1038000000210832D16721228021DA6749010B4A61
:103810008C4204D119690A4A002900D0074ADA66A5
:10382000EFF31081012282F310881A688023106858
:103830000343136081F31088002010BD6737000830
:1038400095370008406A0023020010B55A321380F1
:10385000083A138001F06CFE10BD70470268F8B59D
:10386000D3690400A7481168966803420BD1202051
:10387000034200D180E0014200D17DE0A36E200030
:10388000002B6FD16FE0012037009F4D07400D40A6
:103890003D4300D170E025000835034205D0CE0538
:1038A00003D51062EE6F3043E8670220034206D072
:1038B000002F04D01062EE6F00183043E867042038
:1038C000034206D0002F04D01062EE6F023830435E
:1038D000E8670820034207D020260E403E4303D06D
:1038E0001062EE6F3043E86780200001034206D08B
:1038F0004E0104D510622022E86F0243EA67EA6FA6
:10390000002A30D02022134206D0114204D0A36EE8
:10391000002B01D0200098472268EB6F4027966863
:1039200028223E40134020001E4321D0FFF7D4FE42
:1039300023689B683B4217D0EFF31081012383F388
:10394000108822689368BB43936081F31088606F8E
:10395000002809D06D4B4363FEF7D2FA002802D04D
:10396000606F436B9847F8BD200001F0E1FDFAE776
:1039700001F0DEFDEE67F6E7206E012800D095E04D
:1039800010252B4200D191E0294200D18EE0156232
:10399000936840211E000E400B424FD0626F1368A7
:1039A0005B689BB2002BDED02600583637889F42DA
:1039B000D9D927005A373B809369202B32D0EFF3B7
:1039C000108780F310882268514D13682B401360D4
:1039D00087F31088EFF3108780F3108822689368CC
:1039E0008343936087F31088EFF3108C80F3108883
:1039F000230080CBBA688A43BA608CF310882022F7
:103A0000DA6700232366EFF3108180F310882268C1
:103A100012351368FF35AB43136081F31088606F74
:103A2000FEF750FA0223636623005A331B8831885D
:103A3000C91A89B22000FFF710FF94E722005A321A
:103A4000138812889BB2002A00D18CE722005832DA
:103A50001188C91A89B2002900D184E7EFF31087D1
:103A600080F3108822682B4D13682B40136087F376
:103A70001088EFF3108C80F31088230080CBBA6895
:103A80008243BA608CF310882022DA672666A66625
:103A9000EFF3108680F310881020226813688343A8
:103AA000136086F3108802236366C3E78020400317
:103AB000034206D0760204D51062200001F086FD94
:103AC00051E78022134203D0114201D0E36ED6E6C3
:103AD0004022134200D146E7114200D143E7EFF301
:103AE0001080012383F3108821680B6893430B60D7
:103AF00080F310882023E36700232000E36601F0B1
:103B000010FD30E70F0800002001000445380008D0
:103B1000FFFEFFFFDFFEFFFF011DCA6FF8B5036860
:103B2000222A5AD104005C349B8C2488426D2340A5
:103B300013700200436D5A32013343651388013B11
:103B40009BB2138013889CB2002B42D1EFF31086F6
:103B5000013383F310880568224F2A683A402A60AF
:103B600086F31088EFF3108683F310880568AA683F
:103B70009A43AA6086F310882022CA6702684466C6
:103B80005268846612020AD5EFF3108183F310881D
:103B90000268154C13682340136081F31088036E8C
:103BA000012B17D100220266EFF3108483F31088F3
:103BB00001680F330A689A430A6084F31088026828
:103BC000D169194200D01362030058331988FFF7F6
:103BD00044FEF8BD01F09EFCFBE7082299690A4308
:103BE0009A61F6E7DFFEFFFFFFFFFFFB021DD16FCB
:103BF000F8B50368222959D101005C319C8C0988F1
:103C0000436D214019800100023343655A310B880E
:103C1000013B9BB20B800B889CB2002B42D1EFF38F
:103C20001086013383F310880568234F29683940D3
:103C3000296086F31088EFF3108683F310880568F7
:103C4000A9689943A96086F310882021D16702688A
:103C500044665268846612020AD5EFF3108183F33A
:103C600010880268154C13682340136081F3108894
:103C7000036E012B17D100220266EFF3108483F349
:103C8000108801680F330A689A430A6084F3108829
:103C90000268D169194200D01362030058331988B1
:103CA000FFF7DBFDF8BD01F035FCFBE70822996961
:103CB0000A439A61F6E7C046DFFEFFFFFFFFFFFB06
:103CC000020070B5783211780300022001291DD05E
:103CD000012122301170D867EFF3108581F310882D
:103CE0000C261C682068B043206085F31088EFF331
:103CF000108481F310881868073105682943016032
:103D000084F3108820210020D967107070BD020054
:103D100070B5783211780300022001291DD00121ED
:103D200022301170D867EFF3108581F310880C26CC
:103D30001C682068B043206085F31088EFF310847E
:103D400081F310881868033105682943016084F302
:103D5000108820210020D967107070BDC36F043017
:103D6000C06F1843704700000300583310B5416519
:103D70001A805A80802100238268836649018A4222
:103D80002CD103695A4253411B02FF3302005C32BB
:103D90001380030000220833DA67031D2232DA673A
:103DA000EFF31081012383F31088026894682343A2
:103DB000936081F3108880228168036952019142E7
:103DC0002FD1002B1CD1194B8366EFF310810123F7
:103DD00083F3108802681F3310681CE0002A05D1A5
:103DE0000269FF23002AD1D0803BCFE7802149051B
:103DF0008A42CBD102697F23002AC7D0403BC5E766
:103E00000B4B8366EFF31081012383F31088026864
:103E100020331068FF330343136081F310880020C0
:103E200010BD034A8266002BCFD0EBE7ED3B0008C4
:103E3000193B0008031D70B5DC6F0223202C25D12F
:103E4000013B002922D0002A20D0802384685B0116
:103E50009C4205D10369002B02D10133194215D1CF
:103E60000023036603685B681B020CD5EFF3108523
:103E7000012383F3108880230468DB04266833431E
:103E8000236085F31088FFF76FFF0023180070BDD3
:103E9000836810B50400002B05D003220100984769
:103EA0000023A360E36010BD836810B50400002BFD
:103EB00002D0032201009847200010BD174A0300DA
:103EC000904222D08022D205904220D0144A9042C3
:103ED0001FD0144A032093421CD0134A013093424E
:103EE00018D0124A0130934214D0114A0130934243
:103EF00010D0104A013093420CD00F480F4A934221
:103F000009D00D4B984205D1FEE70020F6E70120CD
:103F1000F7E7022070470820FCE7C046002C01406C
:103F20000004004000100040001400400020004049
:103F30000040014000440140FFFF000000480140F4
:103F400070B504000069FFF7B9FF050020001030CC
:103F500001F058F90022084BAD00EA502600250078
:103F6000E260B0356036B54204D0103D2800FFF75E
:103F70009BFFF8E7200070BD0C0D0020F8B5040091
:103F800008000D00FFF79AFF2369002B00D0FEE721
:103F900021001A4A80000C31815022002C32256108
:103FA00026001370203223636363A363E3632364F7
:103FB0006364A3641370537003221036300025002D
:103FC0002700E460A265E36501F090F86035B03742
:103FD00028001035FFF75CFFBD42F9D10023084AE5
:103FE00023606360A3606361A361236263628033C3
:103FF0003000E261A362FFF745FBF8BD0C0D002025
:10400000FFFF0000044B10B51868002802D00430F0
:10401000FFF74EFA10BDC0460C0D002010B5FFF79B
:10402000F1FF10BD044B10B55868002802D00430D1
:10403000FFF73EFA10BDC0460C0D0020044B10B532
:104040009868002802D00430FFF732FA10BDC0464D
:104050000C0D0020044B10B5D868002802D00430A5
:10406000FFF726FA10BDC0460C0D0020044B10B51A
:104070001869002802D00430FFF71AFA10BDC046B4
:104080000C0D0020044B10B55869002802D00430F4
:10409000FFF70EFA10BDC0460C0D0020044B10B502
:1040A0009869002802D00430FFF702FA10BDC0461C
:1040B0000C0D0020044B10B5D869002802D0043044
:1040C000FFF7F6F910BDC0460C0D0020044B10B5EB
:1040D000186A002802D00430FFF7EAF910BDC04684
:1040E0000C0D002010B50C220021040003F0C4FCCC
:1040F00000232000E36010BDF8B5050007000400B0
:104100000E006035B03728001035FFF7EBFFBD42D9
:10411000F9D10023310020002361FFF72FFF200099
:10412000F8BD836810B5002B01D104F099F8C3687D
:10413000984710BD10B5002800D1FEE700F0D4FF6D
:104140000068836E002B02D06030FFF7EAFF10BDDD
:1041500010B5FFF7EFFF10BD030010B5002800D128
:10416000FEE7007F0138072812D8FBF7C5FF0416C9
:104170001112111111140124180000F0B5FF0634BA
:104180000068240100198368002B01D0FFF7C9FFE4
:1041900010BD0324F0E70424EEE70224ECE710B599
:1041A000FFF7DAFF10BD10B5FFF7D6FF10BD10B551
:1041B00003F0A2FA10BD10B503F0A8FA10BD00007C
:1041C00003000A4910B50868C318EFF30882934248
:1041D00005D90C220120064B40421A6010BD054A49
:1041E000054C121B9342F4D20B60F7E7100000203D
:1041F000701C00200040002000040000FEE70000CA
:1042000016220120014B40421A607047701C0020AA
:1042100001207047821D03000020D087014A02332D
:10422000DA87704780BFFFFF0230C38F024A134016
:10423000C38700207047C0467F400000821C0300F7
:104240000121002082B0D187D0879A1D5033D087BA
:10425000188002B070470000F7B50E787A4AB300B4
:10426000C3181C88CF781440012205000092032F48
:1042700008D83800FBF740FF02423F3C8022920002
:1042800014430097714A1443A4B21C801888704CE0
:1042900020403043104380B21880F0008446087BF1
:1042A000AC4450350195002800D06BE0CD884878AB
:1042B0006D086D00002823D080200199C000098876
:1042C000614409180D801988490604D519882140D0
:1042D000604C21431980604D012F00D1AEE02021B8
:1042E0001C882C4061400A4392B200981A80FEBD9F
:1042F000C022D200144300220092C3E78022F8E7D4
:10430000019809690788554867443F1801983D801E
:104310000588534865442D182F88BF05BF0D2F8091
:10432000002915D1802729883F023943298019881F
:10433000490404D5198821404A4C214319804A492F
:104340001C880C40C021002E00D080218901C9E7C3
:104350003E2908D801270F4049087F182888BF0246
:104360000743B9B2E2E71F204F090140080041426C
:1043700041417F1A2988BF0239433C4F0F43BFB2E6
:104380002F80D4E71D88022F3AD1394E254035437E
:1043900001981D80058880200E896544C00076083C
:1043A0002D18760001982E8005884E892B4865448B
:1043B00076082D1876002E804978274E8C4680216D
:1043C0006046294DC90100281FD11F880F4204D023
:1043D0001988244F2140394319801988490604D58A
:1043E000198821401B4C21431980C0211C88890158
:1043F0002C406140114389B219801988314072E71D
:104400001C4E35401543ADB2C2E71888084204D0AF
:10441000198814482140014319801988490604D598
:10442000198821400B4C21431980012F09D02021EC
:104430001C8834406140114389B219801988294091
:1044400051E719883140F6E78F89FFFF8080FFFF31
:104450008F8FFFFFC0800000BF8FFFFF04040000AC
:104460000604000080C000008FBFFFFF0080FFFF38
:10447000808100008F8EFFFFF0B50B784A78097BB2
:104480009B00C018314B00291AD1002A0CD0028899
:10449000520605D502882E490A402E490A43028059
:1044A00002882D490A402FE00288520405D502886F
:1044B00027490A4029490A43028002882849F1E72E
:1044C0008027234E244D2649FF01002A21D102884E
:1044D0003A4204D00288214C3240224302800288B2
:1044E000204C520604D502883240224392B2028008
:1044F000028832401443A4B2048002880A401A435E
:1045000092B2028002882A4013439BB203800020AB
:10451000F0BD0288144C3A4204D002883240224353
:1045200092B202800288520604D50288094F3240B6
:104530003A430280028832401443A4B204800288C5
:104540002A401A4392B202800288ABE78080FFFFC4
:104550008F8FFFFFC0800000BF8FFFFF80C0000073
:104560008FBFFFFFC080FFFF80C0FFFF0B7849783F
:104570009B000C4AC018002909D001880A4B194039
:1045800010234B4013439BB20380002070470188E7
:10459000064B194080235B014B401A4392B20280C4
:1045A000F3E7C0468080FFFFBF8FFFFF8FBFFFFF95
:1045B0000B7B002B19D10B784A789B00C01803881D
:1045C000002A14D05B0605D50388104A1340104A10
:1045D00013430380CB78012B07D00E4B02881A407F
:1045E000202353400C4A13430380002070475B0490
:1045F00005D50388054A1340084A13430380084B36
:1046000002881A40C0239B01EBE7C0468F8FFFFF53
:10461000C0800000BF8FFFFF8080000080C00000CE
:104620008FBFFFFF002902D180234C300380002080
:104630007047802258300388120213430380002001
:104640007047583003885B045B0C03800020704780
:104650000630C08F80B2704730B580240133E4004B
:1046600012195B0880185B00CB18401A0C188B429B
:1046700000D130BD4A780D7812022A4322800231DF
:10468000F4E70000F0B50C0049780600227B87B003
:10469000012900D01DE12369A76902939F4200D937
:1046A0001F003300503361690193002A1DD1BFB24E
:1046B0003B00E2883000FFF7CFFF019BBF4A19881B
:1046C0002378B218DB0052189B181F802378BC4A4D
:1046D0009B00F3181988114030224A40B9490A4317
:1046E00092B21A80002007B0F0BD2278256A9300AC
:1046F000D2000392E078F318022800D0D3E0029AA7
:10470000AA4200D3BDE01A88AF48ED1B1040AF4A63
:10471000104318801B8840209C4662460240059248
:104720006246CB1904932562BBB2024256D0019A6D
:1047300012889446A64AB018039A604482181380DF
:1047400062893000FFF788FF049B029A63610023AF
:10475000AA4201D2EB1B3D0062782362ABB2002A71
:104760002FD1019A95491088227871180918D20022
:10477000521811888905890D1180002D0AD18020D9
:104780001188000201431180228904993000FFF74B
:1047900063FF9BE73E2D08D8012028406D08118853
:1047A0004519AD02294389B2EDE71F202840690968
:1047B00045426841091A1088890208438549014326
:1047C000F1E7012AE0D132007C495032108822788A
:1047D0007118D200091852181380D5E7019A12886F
:1047E0009446764AB018039A60448218138022894E
:1047F0003000FFF731FF049B029A6361059BAA42D8
:1048000001D2EB1B3D0062782362ABB2002A2BD1B0
:10481000019A6F491088227871180918D20052182D
:1048200011888905890D1180002D06D180201188FD
:104830000002014311806289A7E73E2D08D80120BC
:1048400028406D0811884519AD02294389B2F1E766
:104850001F2069090540684245411088491B8902AB
:1048600008435C490143F1E7012AE4D13200584989
:104870005032108822787118D2000918521813800B
:10488000D9E71888544F4F4A3840104380B21880F7
:10489000019B039A1888494BF3181B189A18ABB25E
:1048A0001380228972E71888ED1B019A256215880A
:1048B000BBB2400607D5464AB018039A4019821881
:1048C0001380628962E73D4AB018039A4019821842
:1048D000E6E7002A1CD1A36921698B4201D95A1A43
:1048E0000B00A26132003A495032108822787118C8
:1048F000D2000918521811888905890D1180002BE2
:1049000000D0E2E08021138809020B43138047E0C6
:10491000E378022B00D093E0002934D107002578FA
:104920005037EA003B880192244A8218D218019B32
:10493000D21813889B059B0D13802369002B05D18A
:10494000802011880002014311800BE03E2B49D8E2
:1049500001215D08AC461940108861448902084372
:1049600080B210801A4A3988B21852180199521828
:1049700011888905890D1180002B41D18021138870
:1049800009020B431380E369002B09D040222378EE
:104990009B00F31819880A40490448D5002A48D1D9
:1049A00023789B00F61832880C4B1A40C0239B01D9
:1049B00053400B4A1343338094E6C0460204000080
:1049C000BF8FFFFF8080FFFF8F8FFFFF8081000080
:1049D000060400000080FFFF8F8EFFFF8FBFFFFFE8
:1049E000808000001F201840050068426841590976
:1049F000091A1088890208433F49014389B2A3E795
:104A00003E2B08D8012119405B081088CB189B0267
:104A100003439BB2B6E71F20590903405842434164
:104A2000C91A138889021943334B0B43F1E7002A53
:104A3000B6D11A8831490A4031490A431A80AFE792
:104A40000120834200D04EE6A369226900209342F0
:104A500001D9981A1300A0610029A1D13700257847
:104A60005037EA0039880192264AB2185218019943
:104A7000521811888905890D1180002B05D18020DD
:104A800011880002014311800BE03E2B0FD8012159
:104A90005D08AC461940108861448902084380B221
:104AA0001080194A3988B2185218019922E71F203C
:104AB00018400500684268415909091A108889029E
:104AC00008430D49014389B2DDE73E2B08D8012197
:104AD00019405B081088CB189B0203439BB215E773
:104AE0001F205909034058424341C91A13888902BB
:104AF0001943014B0B43F1E70080FFFF8F8FFFFF4E
:104B0000C08000000204000006040000F0B580250B
:104B10005C08ED00521926000D008018471AEA19AA
:104B2000002E06D1DB0703D56400001903880B555E
:104B3000F0BD1288013E92B22A70120A6A700235E4
:104B4000EDE700007FB50023052810D8204B802119
:104B50005A69FBF7D1FA030F18212A3389020A4355
:104B60005A615B690B400093009B9023DB051800A2
:104B700007B000BDC9020A435A615B690B4001934B
:104B8000019B144BF3E709030A435A615B690B402D
:104B90000293029B104BEAE749030A435A615B699F
:104BA0000B400393039B0D4BE1E789030A435A61D2
:104BB0005B690B400493049B094BD8E7C9030A4384
:104BC0005A615B690B400593059B064BCFE7C046D6
:104BD000001002400004004800080048000C004893
:104BE000001000480014004810B5074900F03AFAD8
:104BF0000003C00E012802D0022802D0FEE70020E8
:104C000010BD1020FCE7C046F4920008084B026873
:104C10009A420CD18022074B920519690A431A6106
:104C20001A6905490A401A61DA690A40DA6170476F
:104C30000074004000100240FFFFFFDF10B50A497A
:104C400086B0040000F0E6F90190002809D02000A9
:104C5000FFF7CAFF010001A8FDF729F901A8FDF738
:104C600017F906B010BDC046F4920008F7B5134B13
:104C700006001900019300F0CDF9FFF71FF9104F5E
:104C80008500EB59002B0DD1B020FFF790FA019968
:104C90000400300000F0BEF901002000FFF72CFAFC
:104CA000EB591C601C68002C06D02000FFF748F967
:104CB000B0212000FFF77FFAF7BDC0460891000839
:104CC0000C0D002010B5FCF7FFFF10BD704710B5AC
:104CD000FCF7EEFFFDF76DF8FFF7F8FF10BD70472A
:104CE00080210E4B4905DA6984B00A43DA61DA693A
:104CF0000A4001210192019A9A690A439A619A69CC
:104D00000A400292029A5A693F310A435A615B692A
:104D10000B400393039B04B07047C0460010024051
:104D200010B5FFF7DDFFFCF7B3FFFFF7D8FF02F088
:104D30008FF80348FDF742F801F038FB10BDC0467C
:104D40002C00002010B50C220021040002F094FE7B
:104D50000023E36010BD0000002310B501280BD133
:104D600014225A43064B101DC0188168002902D036
:104D70009B181B69984710BD01334008DBB2EDE773
:104D8000300D002010B50120FDF7DCF80220FDF702
:104D9000D9F810BD10B50420FDF7D4F80820FDF7B0
:104DA000D1F810BD70B50C241025A8B2013CFDF758
:104DB000C9F86D00002CF8D170BD0000F8B50525CC
:104DC0002E4F2F4C38002570FFF7BCFF2D4E257558
:104DD0003000FFF7B7FF2300013528332A481D7044
:104DE000FFF7B0FF230029483C331D70FFF7AAFFEF
:104DF00023000135503326481D706037FFF7A2FFAE
:104E000024483D706036FFF79DFF23483570FFF75B
:104E100099FF230021488C331D70FFF793FF230077
:104E20001F48A0331D70FFF78DFF23001D48B433CA
:104E30001D70FFF787FF23001B48C8331D70FFF765
:104E400081FF23001948DC331D70FFF77BFF23002F
:104E50002600F03316481D70FF36FFF773FF154824
:104E60007571FFF76FFF14487576FFF76BFF962398
:104E700012485B00E554FFF765FFF8BD340D0020D4
:104E8000300D0020480D00205C0D0020700D00202A
:104E9000840D0020980D0020AC0D0020C00D0020D6
:104EA000D40D0020E80D0020FC0D0020100E002085
:104EB000240E0020380E00204C0E0020600E002032
:104EC00010B5044C143C201DFEF7EEFF024B9C4233
:104ED000F8D110BD700E0020300D0020431C04D10D
:104EE00000207047834204D00C310B685A1CF9D162
:104EF000F6E70120F5E70000F7B506000C00431CBB
:104F000000D1FEE7072502000D400F21334B0A4078
:104F1000000992000840D7580195FFF713FE8268F8
:104F2000030094463A00032065467A435043C14348
:104F300028439860019803283FD8FBF7DDF83F41EC
:104F40001A02032050431E68019D0E403043013D6C
:104F50001860012D04D8200734D5586838435860AC
:104F6000A406A40F012C30D0022C33D0DA680A40FA
:104F70002EE06004400E84467F2801D10220E1E744
:104F800036070DD50F26586A0500380A40434043BE
:104F90004643B5432E006546684306435E62EDE72F
:104FA000186A0F260500100050434643B5432E00F3
:104FB0006546684306431E62E0E7FEE70020C1E75E
:104FC0000120BFE75868B843C9E7D86801400A43E1
:104FD000DA60F7BDD86852000140F8E7988E000803
:104FE00010B5431C07D110BD834203D18968FFF778
:104FF00083FFF8E70C310B685A1CF5D1FEE70B680C
:105000005A1C01D1002002E0834201D14868704758
:105010000C31F4E7002310B5421C02D0FFF7EFFF7C
:105020000300180010BD4B68002B02D10120404244
:1050300002E0834201D1086870470C31F3E710B5F4
:10504000002802D0FFF7EFFF10BD01204042FBE730
:1050500003000868421C02D0984201D1886870475A
:105060000C31F6E710B5431C01D0FFF7F1FF10BD7E
:10507000030008008B4205D0002B03D04242504170
:1050800040421840704700000121114B11481A6836
:105090000A431A605A6802405A601A680E48024071
:1050A0001A601A680D4802401A605A680C4802409B
:1050B0000F205A60DA6A8243DA621A6B09480240AA
:1050C0001A635A6B8A435A63BF2212049A6070476C
:1050D000001002400CB8FF08FFFFF6FEFFFFFBFFC9
:1050E000FFFFC0FF2CFEFCFF0438704703683C4AFA
:1050F0008AB0934217D180203A4A00019169014356
:105100009161926902400192019A374A934217D104
:105110008021344B4900DA690A43DA61DB690B40CC
:105120000693069B5AE08022D205934216D10120B5
:105130002C4AD1690143D161D26902400292029A9C
:105140002A4A934216D18021264B49029A690A4382
:105150009A619B690B400793079B3FE0244A934267
:1051600016D102201F4AD1690143D161D2690240A0
:105170000392039A1F4A934216D18021194B890248
:105180009A690A439A619B690B400893089B25E042
:10519000194A934216D11020124AD1690143D161B4
:1051A000D26902400492049A144A934216D1802193
:1051B0000C4BC9029A690A439A619B690B40099397
:1051C000099B0BE00E4A93429FD12021054BDA69DF
:1051D0000A43DA61DB690B400593059B0AB070470F
:1051E000002C01400010024000200040004001401F
:1051F000000400400044014000100040004801400D
:10520000001400400368244A93420CD123492448E7
:105210008A6902408A61234A93420DD11F4A22497A
:10522000D3690B4036E08022D20593420DD1012094
:105230001A49CA698243CA611C4A93420DD1174A6E
:105240001B4993690B40936125E01A4A93420BD1A5
:1052500002201249CA698243CA61174A93420BD19C
:105260000E4A16499369EDE7154A93420BD1102077
:105270000A49CA698243CA61124A93420BD1074A5A
:1052800011499369DEE7114A9342C4D12021034AB0
:10529000D3698B43D3617047002C0140001002405A
:1052A000FFF7FFFF00200040FFFEFFFF004001402E
:1052B000FFFFFEFF0004004000440140FFFFFDFF30
:1052C0000010004000480140FFFFFBFF00140040B9
:1052D0000300421C26D01A4A904226D011D8194AFF
:1052E000904224D008D88022D205904221D0164A7C
:1052F0001020934215D0FEE7144A1220934210D09A
:10530000F9E7134A904216D007D8124A904214D0B7
:10531000114A1420934204D0EDE7104A162093421C
:10532000E9D170470E204042FBE71320F9E7112036
:10533000F7E70F20F5E71520F3E70D20F1E7C0466A
:105340000020004000100040000400400014004015
:1053500000440140002C0140004001400048014051
:105360000300421C26D01A4A904226D011D8194A6E
:10537000904224D008D88022D205904221D0164AEB
:105380001020934215D0FEE7144A1220934210D009
:10539000F9E7134A904216D007D8124A904214D027
:1053A000114A1420934204D0EDE7104A162093428C
:1053B000E9D170470E204042FBE71320F9E71120A6
:1053C000F7E70F20F5E71520F3E70E20F1E7C046D9
:1053D0000020004000100040000400400014004085
:1053E00000440140002C01400040014000480140C1
:1053F000F8B50400FFF77AFE2068FFF769FFE26C5A
:10540000A16CFCF767FC2068FFF762FFFCF78CFCDF
:1054100027683800FFF7A4FF05003800FFF758FFA2
:10542000854209D02800E26CA16CFCF753FC20688F
:10543000FFF796FFFCF778FCF8BD000010B5A5302B
:105440000278064B9200D058FEF788FC22231840C1
:10545000223843425841C0B210BDC046700E0020F1
:1054600010B5A5300278064B9200D058FEF776FCB6
:1054700021231840213843425841C0B210BDC046D4
:10548000700E002070B50400150000281BD003002A
:105490000600002090331960A4363056FCF750FC0B
:1054A00023002100B633AC311B880968A53420786D
:1054B000C918054B8000C058AAB2FEF785F9002034
:1054C0003056FCF731FC70BD700E002010B500287E
:1054D0000BD0030098331B68013306D1A530027846
:1054E000024B9200D058FEF7EBFB10BD700E00206F
:1054F00010B500280BD0030098331B68013306D188
:10550000A5300278024B9200D058FEF700FC10BD87
:10551000700E0020030010B588331B6804389847CC
:1055200010BD030010B58C331B680438984710BDBC
:105530000122036810B5D96904000438114201D072
:105540001A620BE00222D9691142F9D10422D96909
:105550001142F5D10822D9691142F1D1FFF76EFF4E
:10556000002805D1210001222000A231FEF762FCB3
:1055700010BD000010B51B20FCF70CFC024B186896
:10558000FEF76CF910BDC046700E00201C2010B54F
:10559000FCF700FC034B5868002801D0FEF75EF9C9
:1055A00010BDC046700E00201D2010B5FCF7F2FBA8
:1055B000054CA068002801D0FEF750F9E0680028EB
:1055C00001D0FEF74BF910BD700E0020010010B5A0
:1055D0000122A231FEF72EFC10BD13B56B46026806
:1055E000D9710733546819000122A04716BD000085
:1055F00010B5024800F0ECFE10BDC0465816002061
:10560000F7B50E0017001500002D18D001F096FB1D
:10561000002814D00B4B1800019300F0D9FE0400B1
:10562000A84200D92C00002CF0D0310022000198B3
:1056300000F0F4FE2D1B361901F09EFBE4E7781B09
:10564000FEBDC0465816002010B5024800F06FFF9E
:1056500010BDC0469215002010B5044800F084FF2C
:10566000040001F0BFFB200010BDC04692150020D1
:10567000F7B506000F00150094B201F0D3FDF060FD
:10568000220039000A4800F0B8FF019001F0AAFB9F
:10569000019BE41AA4B2FF18002C07D001F0C2FD50
:1056A000F368C01AB3689842EAD32D1B2800FEBDE8
:1056B00092150020F0B587B0060017001C0002917B
:1056C0009DB201F0AFFDF0600E2302AA9B18029973
:1056D0003A0000930E482B0000F0C7FF039001F042
:1056E00081FB02ABDB89ED1AFF18039BADB2002BE7
:1056F00003D0641B200007B0F0BD002DFAD001F0EC
:1057000091FDF368C01AB3689842DDD3F1E7C04653
:105710009215002010B5024800F04FFF10BDC046A2
:105720009215002010B5034800F064FE0028FADC52
:1057300010BDC0465816002010B501F0D7FA10BDB4
:105740000022044B5A60FA2292009A60024A1A60C0
:105750007047C046800E0020F88E0008030010B588
:105760000320002B14D0AE240020A40018510C34C8
:1057700018510C341851814202D0AD2080001950CC
:10578000A72101208900585418001A7000F0F0FC7D
:1057900010BD13B500236A460400D380032099424C
:1057A00010D0AE239B00E150CB6A002B04D0901D9B
:1057B0009847B4239B00E050B62200209200A358E3
:1057C0000133A35016BD10B500F000FD10BDAE238F
:1057D0009B00C25810B5131E02D0136898470300EF
:1057E000180010BDAE239B00C35810B55B689847E6
:1057F000002800D0032010BD164B70B5C51804005A
:10580000280000F099FBA52301229B00E2501C33E5
:10581000E25A183BE2500F4BE15C1F230B40012B77
:1058200008D0022B0BD0002B0ED12900200000F055
:105830003BF970BD2900200000F09AFAF9E7290031
:10584000200000F0CAFAF4E77F232000994300F01B
:10585000D8FCEEE7AA02000070B504001000002991
:105860002AD1A5239B00E358032B0FD125005535E2
:10587000FF35AB68EA6893420AD99B1AAB609A423B
:1058800000D91A000100200000F0BBFB002070BD11
:10589000A7239B00E35C032B0AD1AE239B00E358B4
:1058A0001B69002B04D0B52292002000A15098471C
:1058B000200000F0AEFBE9E7A7239B00E35C032B8D
:1058C000E4D1AE239B00E3589B69002BDED0B522C8
:1058D00000209200A05020009847D8E770B50D0036
:1058E00004001100002D44D1A5239B00C358022BB6
:1058F0000DD1C369026A934212D99A1AC26100F0AB
:1059000068FB2B002A002900200000F0ADFCA82332
:105910009B00E25C002A01D00022E254002070BD0E
:1059200093420DD1826993420AD8A626B6008359C4
:105930009A4205D22A00290000F04BFBA551E0E76E
:10594000A7239B00E35C032B0BD1AE239B00E35802
:10595000DB68002B05D0B522002192002000A15069
:1059600098478021200000F04CFC200000F05DFBF7
:10597000CDE7A7239B00C35C032BCFD1AE239B00B5
:10598000C3585B69002BC9D0B52200219200815019
:1059900029009847C3E7F8B5A723012200219B00FF
:1059A000C254083BC15010334160C150043BC15444
:1059B0001833C35804008B4218D10026002240231C
:1059C0001100200000F00AFCB22301275B00E7521F
:1059D00023004025FC335D6600222B00802120003F
:1059E00000F0FCFB3000A7842562F8BD5B68002B4B
:1059F000E3D098470028E0D00326DFE701740020B9
:105A000070470000A7239B00C25C042A03D0C25C3D
:105A10000349D2B242540422C25400207047C04607
:105A20009D020000A7229200835C042B03D1034B4C
:105A3000C35CDBB2835400207047C0469D02000067
:105A4000A72310B59B00C35C032B08D1AE239B009A
:105A5000C358002B03D0DB69002B00D098470020EF
:105A600010BD002070470020704710B5C2788378C1
:105A700012021A4303789A420AD904780019E318EB
:105A800044789BB2052CF6D184788C42F3D110BDBA
:105A90000020FCE710B50400802100F0B2FB0021DB
:105AA000200000F0AEFB10BDF7B560220B780D00B2
:105AB00013401900921820390400114206D0002B1F
:105AC00010D02000FFF7E6FF002509E0B5239B007A
:105AD000C3582900AE339B001B589B6898470500AC
:105AE0002800FEBD68780928EBD8FAF70FFB0501FE
:105AF0002C01EAFF1C01EAFF7A000A00EAFFEE002F
:105B00009C006B469E1D002333806988080A01387B
:105B10000628D6D8FAF7E6FA041D2BD5D54E59003B
:105B2000AD239B00E358207C1B6831009847E9882F
:105B3000002900D1ACE03288002AC2D00B1C91426F
:105B400000D9131C01009AB23380200000F033FA10
:105B5000BAE7AE23227C9B00E358002A05D19B6A5A
:105B60003000984702234370E1E7DB6AF8E7AD2392
:105B7000C9B29B00E358052914D80800FAF7BCFA0B
:105B800003080A0C0E105B68002B9AD0207CCCE72F
:105B90009B68F9E7DB68F7E71B69F5E75B69F3E703
:105BA0009B69F1E7DB69002B00D18AE73200207C9A
:105BB0009847BCE7237C002B00D082E7AE239B00F4
:105BC000E35830005B6B9847B1E7237C002B00D093
:105BD00077E7AE239B00E35830001B6B9847072301
:105BE000C1E7AB88002B00D06BE7EB88002B00D01F
:105BF00067E76D887F2D00D963E7A726B600A35D10
:105C0000032B00D15DE7584BEDB2E554290020008D
:105C100000F01AFB200000F0FCF90223002D00D157
:105C20000123A35550E7A978504D2970012904D9C3
:105C30002000FFF72FFF032552E7A726B600A35D3C
:105C4000DFB2022B09D0032F1AD02000FFF722FF6A
:105C500020002978FFF7C6FDEDE7002918D00121C3
:105C600020006160FFF7B3FD05002000002D03D088
:105C7000FFF710FFA75533E700F0CBF90323D0E778
:105C8000002909D102232000A3556160FFF7AAFD76
:105C9000200000F0BEF917E761680129F8D0C9B209
:105CA0002000FFF79FFD297820006160FFF78FFD3E
:105CB000051EEDD02000FFF7EDFE61682000C9B29F
:105CC000FFF790FD0223A3550AE7EA88012A00D0D6
:105CD000F7E6A7239B00E15CCBB2022907D8002B93
:105CE00000D1EEE600232100A36008312DE7211D3D
:105CF000032B00D129E7E4E6A7239B00E35C013BEB
:105D0000022B00D9DDE6EB88022B00D0D9E6A923CF
:105D10009B00E2580123002A00D002332100022216
:105D2000E3600C3111E76B88012B03D1A9229200AB
:105D3000A350ADE7022B00D0C3E6A822AB889200A7
:105D40001B0AA354A4E7A7239B00E35C013B022B9F
:105D500000D9B6E66B88012B00D0B5E6A923002256
:105D60009B00E25094E7C0469E020000900E002087
:105D700060230A7870B5134004000E00520601D566
:105D8000402B25D1A7239B00E35C013B022B1FD8AE
:105D90003179200002291CD8FFF763FE0325002873
:105DA0000CD1AE239B00E3589B68002B06D0B52294
:105DB0009200A0503100200098470500F388002B86
:105DC00004D1002D02D1200000F023F9280070BD7D
:105DD0002000FFF75FFE0025F8E770B50B788A8892
:105DE0000E0060210B400400180049182038D5B27D
:105DF00008425ED0002B03D02000FFF74BFE42E0AC
:105E00007378012B41D0032B26D0002BF4D1A7238C
:105E10009B00E35CD9B2022B00D168E00329EBD1EF
:105E20000F2314262B407343E318120600D46FE0AF
:105E30009B8C002BE0D07F232B4001335E43A619BF
:105E4000802D00D171E02900200000F0EAF900283F
:105E500000D16FE0012369E0A7239B00E35CDAB285
:105E6000022B38D0032AC7D17388002B08D16B06C8
:105E700006D0F388002B03D12900200000F0C1F9DF
:105E8000200000F0C6F8002070BDA7239B00E35C53
:105E9000DAB2022B1FD0032AAED17388002BF2D1C5
:105EA0006B0603D02900200000F0B3F9200000F0B9
:105EB000B0F829002000FFF7D6FD0028E3D1B52374
:105EC0009B00E0501C3BE3589B68002BDBD031006B
:105ED00020009847D8E76B0600D18DE72900200005
:105EE00000F08FF98021200000F08BF9CBE76D06E0
:105EF00000D081E721005531FF31120601D541392B
:105F0000FF39002302220B60200000F054F8BAE7AA
:105F10006533FF331B88002B00D16DE76E43553688
:105F2000FF36A619002D00D08DE700233360022232
:105F30003100E9E73060FAE70B7803704B78437083
:105F4000CB788A781B02134343804B790A791B0272
:105F500013438380CB798A791B021343C380704734
:105F600010B50400802100F04CF90021200000F061
:105F700048F910BD70B504000D001600002811D0BE
:105F8000FAF7A8F88022C0B201304300904200D94D
:105F9000530033802B70032300216B70013B227868
:105FA000002A00D170BDEA545A1CD2B20233013427
:105FB000A954DBB2F3E71300A52210B50224920026
:105FC00084500A0083610021C36100F045F900207C
:105FD00010BD10B513000A00002100F03DF90020AB
:105FE00010BD1300A52210B50324920084500200B6
:105FF000FC32D36513660A00002100F035F9002059
:1060000010BD10B513000A00002100F02DF900208A
:1060100010BDA52304229B0010B5C25000231A0016
:10602000190000F019F9002010BDA52305229B00DE
:1060300010B5C25000231A00190000F015F9002015
:1060400010BD000037B5154B026804009A4223D1F9
:10605000134D03E0A968FEF74FFF0C352868431C79
:10606000F8D180210F4B0904DA6920300A43DA6144
:10607000DB6900220B4001930121019BFBF72AFE03
:106080001F20FBF751FE637A012B05D18023064ABE
:10609000DB0211680B43136037BDC046005C004053
:1060A000588F00080010024000040140A62310B5DC
:1060B0009B00C1184033C058FFF79EFB10BD28233A
:1060C0004B43C318FC339A6EB62310B59B00C058DF
:1060D000FFF7C2FB10BD28234B43C3185A6AB623EF
:1060E00010B59B00C058FFF7F9FB10BDB62310B5E3
:1060F0009B00C058FFF7A4FC10BD70B5B625040086
:10610000AD004059FFF747FC60590121FFF776FCCD
:1061100070BD0000B62310B504009B00C058FFF707
:1061200071FC637A002B04D00623024A11690B43E9
:10613000136110BD00ED00E010B5437A0400002BA0
:1061400006D000F037F90621044A13698B43136126
:10615000B6239B00E058FFF765FC10BD00ED00E0A2
:1061600010B50248FBF76AFF10BDC046940E002030
:1061700070B5040000F00CF9104D114B28002B6095
:10618000104B6B600023AB60B6239B00EC50103BC0
:10619000E550FBF7E3FE041E00D0FEE70A4EB268AE
:1061A00031687368280092B289B20134FCF713FD9C
:1061B0000C36052CF3D1002070BDC046940E002093
:1061C000005C0040040200021C8F0008B22310B5DE
:1061D0009B00C058FBF70EFF002010BD10B5140047
:1061E0001A002300B224A4000059FCF70BFC002085
:1061F00010BDB22310B59B00C058FCF72FFC002047
:1062000010BDB22310B59B00C058FCF788FC0020DD
:1062100010BDB22310B59B00C058FCF7AEFC0020A7
:1062200010BDB2239B00C35848B22822002805DACB
:106230007F2001404A439B18987C70474A439B1833
:106240005333FF331878F8E7B22310B59B00C058DA
:10625000FBF7E3FE002010BD10B5B224A4000059E6
:10626000FCF745FC002010BD10B5B224A400005975
:10627000FCF71AFC002010BDB22310B59B00C058DB
:10628000FCF72DFC10BD0000122301480B80704765
:1062900074000020042301480B8070477000002028
:1062A000004870477011002070B5002652008A180F
:1062B000050FECB223003733092D00D8073B0B70D4
:1062C0004E70023100018A42F2D170BD1A2310B51E
:1062D0000B800A4B18680A4B1B68C01800280AD0AC
:1062E000084B08221C680849FFF7DEFF0422200043
:1062F0000649FFF7D9FF064810BDC046ACF7FF1F9F
:10630000B4F7FF1FB0F7FF1F560000206600002003
:106310005400002010B5044C0A0021000348FFF788
:1063200029FE200010BDC04670120020AE8D00086E
:1063300010B50A00054C002805D105482100FFF7DB
:1063400019FE200010BD0348F8E7C0467012002077
:10635000C18D0008E18D000810B5044C0A00210031
:106360000348FFF707FE200010BDC0467012002052
:10637000018E000810B5044C0A0021000348FFF705
:10638000F9FD200010BDC046701200201D8E0008CF
:1063900010B50548FEF755F90A2000F047FF0248FE
:1063A000FEF747F910BDC046005C004010B500F094
:1063B0009DFC10BD10B5FEF793FC00F049FD10BD2B
:1063C0000200002382328030138003807047000077
:1063D0000300803082331B880088181A044B7F30FA
:1063E000184004D5802301385B42184301307047C0
:1063F0007F000080020003008032108882331B88F7
:106400008030C01A044B184004D5802301385B4209
:10641000184301307047C0467F000080F7B5070081
:1064200005008026019180373B8838881400F61AD1
:106430002818964207D83200019901F075FB280010
:10644000019BA21B991901F06FFB7F223B881B194E
:1064500013403B80F7BD0300020030B58033823229
:106460001D881488A5420AD31B8814881B1B9BB265
:106470000B80010084310B801388C01830BD80234D
:106480001488F3E7020082328430138801885B1895
:106490007F210B401380704702000023C23213801B
:1064A000023A1380C430C0330380704713B5030031
:1064B0006946C2331B8806319BB20B800300C03390
:1064C00002001C880888844216D318887F2805D9C2
:1064D0001888802805D10888002802D0188810184C
:1064E00011E00988002040290DD914001988C4340E
:1064F00089B221801880F1E718880C8801004031AA
:106500000020A142EAD316BD0300C0331A88C4306C
:10651000521892B21A8019880288914201D3C0227F
:1065200002801A88BF2A01D900221A80704703000E
:1065300013B5C0331B8801AA9BB2138003006946C0
:10654000C4331B8806319BB20B80C2300488138889
:106550009C4203D813880088181A16BD0B8811882E
:1065600002885818801AF8E7030037B5C0331B8833
:1065700001A99BB20B8003006A46C4331B88063214
:106580009BB213800300C2331D881488A54201D139
:1065900000241C801C8809888C420BD01C88611C3C
:1065A00089B2198019881288005D914201D30022B6
:1065B0001A803EBD01204042FBE7030013B5C03303
:1065C0001B8801AA9BB2138003006946C4331B8851
:1065D00006319BB20B800300C2331C8809888C42B1
:1065E00001D30021198019881288914202D01B889A
:1065F000C05C16BD01204042FBE7F7B50600330042
:106600006C46C0330800198801AB89B2198031008B
:10661000A51D3400C4310988C23489B22980278875
:1066200029888F4201D300212180278819888F4231
:1066300019D81B8821885B1A9BB21F1C934200D972
:10664000171C2188BFB23A00711801F06DFA238837
:10665000DB199BB2238022882B889A4201D3002326
:1066600023803800FEBD2B88E4E7F0B50D00010063
:1066700085B00192C031098803AE89B23180010032
:10668000C431098802AC89B2E1800100C2310F88AF
:106690000634BC462788BC4501D300270F800F88ED
:1066A000BC463788BC451CD836880F88F61BB6B266
:1066B000371C9E4200D91F1C0600C236BBB2378869
:1066C000C719002086B2B3420DD80A9A13800A88EF
:1066D000D3189BB20B800A8823889A421CD20020D0
:1066E00014E02688E1E73A5CAA4211D10B88013315
:1066F000F3189BB20B8002AB06330A881B889A42C0
:1067000001D300230B8001200A9B1E8005B0F0BD41
:10671000019E32540130D5E700230B80DFE70000F3
:10672000B523B0229B00C35892009B00C31870B5DC
:106730009C580320002C09D004329B58002B04D015
:106740008025AD00605DFF2801D1002070BD044AA6
:106750009B682100A25C9847FF236355F5E7C0467C
:10676000010200000A23038000487047AC010020AA
:10677000F8B5124D832107002800FFF776F90121B3
:1067800006002800FFF771F9822104002800FFF7B6
:106790006CF9002E01D01023B371002C03D04023DC
:1067A000237100236371002803D040230371002369
:1067B0004371432328003B80F8BDC046A800002059
:1067C000F8B5124D832107002800FFF74EF901218B
:1067D00006002800FFF749F9822104002800FFF78E
:1067E00044F9002E01D01023B371002C03D04023B4
:1067F000237100236371002803D040230371002319
:106800004371432328003B80F8BDC046EC000020C4
:10681000F8B5124D832107002800FFF726F9012162
:1068200006002800FFF721F9822104002800FFF765
:106830001CF9002E01D01023B371002C03D00023CB
:10684000237102336371002803D0002303710233E4
:106850004371432328003B80F8BDC046300100202F
:1068600070B5B526B60083590400B0339B001D589F
:106870000320002D11D02000FFF7FEFC832381228E
:106880009B00E850E918A3599200B0339B00E4182C
:106890006368A858DB689847002070BDB523F7B53A
:1068A0009B00C35804009B00C3180193B023019AB6
:1068B0009B00D7580E000320002F19D00F2314255A
:1068C0000B405D436519A869002812D02821B22227
:1068D0004B439200A258D318196AF9F7A7FC0A1E75
:1068E00007D10B00A96120003100FFF7B5FC0020A3
:1068F000FEBD852300229B00FA50019AB033D35885
:106900001B69002BF3D08422822092008000B918EA
:10691000385832009847EAE7B523B02273B59B0098
:10692000C35892009B00C3180D009E586946002270
:1069300004004A71CA8096425CD02978603208000F
:106940001040114230D0202850D1EA886878002ABF
:1069500023D049B2002910DAB12189005B583100F7
:106960009B689847EB881A1C072B00D90722310037
:1069700092B22000FFF71FFB0DE080239B00F05434
:10698000131C402A00D940239AB21B4B310020002F
:10699000F254FFF726FB002076BDB12189005B5839
:1069A00029009B689847F6E768780B281ED8F9F706
:1069B00099FB06F21D1D1D1D1D1D1D1D0F18A72372
:1069C0009B00E35C032B11D16B460222991DD0E79B
:1069D000A7239B00E35C032B08D16B460122591DC2
:1069E000C7E7A7239B00E35C032BD4D0290020003A
:1069F000FFF7B6FA0320CFE70102000070B50400EC
:106A00008221FFF7F6FB230000254C3301211D8076
:106A10002000FFF7EEFBBC23B5265B00E552832187
:106A20002000FFF7E6FBB022B600A35925669B00C5
:106A3000E31892009A58AA420BD0B12292009B58B8
:106A40005B689847A359B0339B001D51AF239B004F
:106A5000E550002070BD00008722F8B5304D0400DD
:106A600000212800920001F007F8B5239B00E358AD
:106A70002600B0339B001D51AF239B00E550237CC3
:106A80004C36002B40D1802382219B000222200023
:106A9000FFF7A4FB0121802331809B00022220000C
:106AA000FFF79CFBBC2301265B00E652230010226B
:106AB00062331A8083210D3A08232000FFF78EFBF2
:106AC000230060331E80812300279B00EF50D033CA
:106AD000E358B0339B00E3185B681B689847852335
:106AE0009B00EF500433EF50143BEA580220BA42A7
:106AF00009D0237CBB4211D180239B0031002000B0
:106B0000FFF7B2FB0020F8BD4023822102222000C3
:106B1000FFF764FB012140233180BFE74023EDE70D
:106B20007013002003000320002907D0B5220020A5
:106B300092009A58B03292009B1859607047B52362
:106B40009B00C358B0339B001B580320002B06D07A
:106B50008220800019508421002089005A507047FB
:106B6000B5239B00C358B0339B001B580320002B58
:106B700003D081220020920099507047B5239B00DA
:106B8000C35810B5B0339B001A580323002A11D004
:106B9000852189005458023B002C0BD1535084238B
:106BA0009B00D3580C39525887390364FF39FFF7DB
:106BB00053FB2300180010BDB5239B00C35810B52C
:106BC000B0339B001A580323002A0BD081239B006B
:106BD000D258037C002B07D180239B000121FFF7B3
:106BE00043FB0023180010BD4023F7E7B5239B00AB
:106BF000C35810B5B0339B001A580323002A05D0A0
:106C0000002301211A00FFF72FFB0023180010BDFD
:106C100000207047212817D0222828D0202811D101
:106C20004B780A781B0213438A7812041A43CB78F4
:106C30001B061343194A13600B7913714B79537177
:106C40008B79937100207047144B1A680A701A6888
:106C5000120A4A701A68120C8A701A68120ECA70E8
:106C60001A790A715A794A719B798B71EAE70C4A51
:106C70004B88107801211A00002800D10A000A4030
:106C800008490A700A78002A02D00021064A1160D9
:106C9000064A9B07DB0F1370D4E7C046B8010020FB
:106CA000D5010020911500208C15002090150020A2
:106CB00010B50A48FFF784FB094C2000FFF7ECFBF6
:106CC0000122084B20001A70FFF7F0FB064B010071
:106CD0001800FFF745FF002010BDC04658160020E1
:106CE00092150020D4010020E016002070B50E4D52
:106CF0002A78002A17D10D4C0D492000FEF72EFDF1
:106D0000002810D120000B49FEF743FD00280AD1CE
:106D100020000949FFF706FF002804D12000FEF7F4
:106D200052FD01232B7070BDDE160020E0160020FE
:106D30008800002074010020C00100200B4B10B51A
:106D40001C68002C02D0FAF7BFFF041BA722084BD7
:106D500092009B5C0020032B04D1022C02D8054B2F
:106D60001878C0B20123184010BDC0468C15002011
:106D7000E016002091150020AF2373B50E4C9B0048
:106D8000E258A83BD358002B15D16B469E1D31000D
:106D90000A48FFF760FB33880500002B0BD0FAF799
:106DA00093FF074B2900186032882000FFF7C7FEC9
:106DB0002000FFF7E3FE73BDE01600205816002008
:106DC0008C15002010B50024044B05481C60FFF70B
:106DD00059FBFFF7D1FF200010BDC0468C150020E5
:106DE0005816002070B50B4D2B78002B01D00020D9
:106DF00070BD0948FFF75AFB011EF8D001242C7022
:106E0000064D2800FFF7ACFE2800FFF7D5FE200056
:106E1000EEE7C046D401002092150020E0160020C5
:106E2000096810B5074889B2FFF76EFB0022064BD0
:106E30001A70FFF7D7FF002802D10448FFF7D6FEEB
:106E4000002010BD92150020D4010020E016002083
:106E500070B598B0302200210CA800F00DFE04ADF2
:106E600010220021684600F007FE1C2200212800A5
:106E700000F002FE012620230BA80B931396FBF7CC
:106E8000D7FE002800D0FEE707230290009303906E
:106E9000043B310068460193FCF750F9002800D00C
:106EA000FEE78023A8619B0228000493FCF7E0F929
:106EB000002800D0FEE718B070BD70B505000C00CA
:106EC000081E07D0F9F706F92B68020021002800F8
:106ED0005B68984770BD10B5FFF7EFFF10BD10B5A8
:106EE00003681B68984710BD10B50249FFF7E5FF1E
:106EF00010BDC0464088000870B50400FFF7DDFFF4
:106F000005002000FFF7F0FF401970BD10B5FFF736
:106F1000F3FF10BDF0B58BB00600140024206A46C4
:106F2000002312181370012C00D80A2409AD0F0099
:106F300021003800F9F7F4F803006343FB1ADBB2D1
:106F40001A0037320100D2B2092B01D83033DAB23D
:106F5000013D2A70BC42EAD929003000FFF7ADFF9D
:106F60000BB0F0BDF8B507000D00161E04D1036884
:106F7000C9B21B689847F8BD0A2A0CD100290BDA60
:106F80002D21FFF7ACFF3200040069423800FFF703
:106F9000C1FF2018EFE7D2B229003800FFF7BAFF8F
:106FA000E9E710B5FFF7DEFF10BD70B50400FFF78D
:106FB000D9FF05002000FFF797FF401970BD10B5FD
:106FC000002A04D10368C9B21B68984710BDD2B229
:106FD000FFF7A0FFFAE770B50500FFF7F0FF040028
:106FE0002800FFF781FF201870BD10B500F04AF9A6
:106FF00010BD10B500E000BFF9F730FBFAF726FB33
:1070000000F022F9FAE700000D488546FEF73CF84B
:107010000C480D490D4A002302E0D458C4500433F3
:10702000C4188C42F9D30A4A0A4C002301E01360C9
:107030000432A242FBD300F051FDFFF7DAFFFEE776
:1070400000400020000000202802002024950008B5
:1070500028020020741C0020FEE70000F7B5C3B230
:1070600004000191242B29D8E0222B499B005C5875
:10707000D20002401443631C41D00F26250935403D
:10708000264FAD00EB592640F340DB070DD520001D
:107090002349FDF723FF002823D02000FDF7CEFD74
:1070A0000122B2407B5993437B51019B052B31D880
:1070B0001800F9F721F8202B2527292DC02202409E
:1070C000C02A1CD1C92B1AD83F23164903409B0064
:1070D0005B58E021104A9B009B58C9000C401C43A0
:1070E000C9E720001049FDF7F9FE0028D8D020009C
:1070F000FDF7BCFDD4E700212000FDF7FDFEF7BD44
:107100001021F9E72021F7E70321F5E70121F3E753
:107110000921F1E7FEE7C04640930008BC190020B2
:10712000F49200081893000808910008C3B210B543
:10713000242B19D8E022174C9B00D200024018598A
:107140001043431C0FD0030600221B0F052B02D84F
:10715000114A9B009A580F24104B20408000C358BE
:10716000002914D0936110BDC0220240C02AFAD178
:10717000C92BF8D83F230A4C03409B001B59E0243D
:10718000044A9B009B58E40020401843D9E79362CF
:10719000E9E7C0464093000814000020988E0008DC
:1071A00018930008C2B2030010B5242A1BD8E021AE
:1071B00018489200C900194013580B4300205A1C6C
:1071C00010D00F241A092240052A20D81249920013
:1071D00051582340114A9B009B5808691840C01A17
:1071E0004342584110BDC02101400020C029F9D1BF
:1071F000C92AF7D83F220A481A4092001258E020C4
:10720000044992005258C00003401343D6E7036973
:10721000FFDEC0464093000814000020988E00084E
:107220001893000810B5FDF74DFD10BD70B5041E94
:1072300009D0FDF747FD050000F028F8FDF742FDF5
:10724000401BA042F8D370BD0A4B10B5002B06D0EE
:10725000094800F01CF8002801D000E000BF074BEF
:10726000002B06D00648FEF7EFF9002801D000E019
:1072700000BF10BD00000000D41900200000000075
:10728000800E002010B5FDF74BFD10BD7047A42304
:10729000A2215B00C35A4900405A4033181A3F23C9
:1072A00018407047A4235B00C25A043BC35A9A4259
:1072B00003D0FC30026CD05C704701204042FBE7F9
:1072C000A323A5225B005200C35C805AC0B2834254
:1072D00002D3C01A3F307047C01A0138FBE713B51C
:1072E0006B460268D9710733546819000122A04720
:1072F00016BD00000300010070B5B633B8311A881E
:107300000C6812193F2422401A800200B2321288FF
:107310001D880024AA4217D01D8840321C880B4BC0
:10732000521BA4B21A4004D54023013A5B421A43CF
:10733000013240231B1B9A4200D91A000A60012423
:107340000349FEF79FF86442200070BD3F000080B3
:10735000F5720008F7B5036800919B68019204007C
:107360009847A32340275B00E35A0500FF1A012337
:1073700023742300FC331B6B01330AD15223FF33E8
:10738000E25C002A05D000222000E2549430FEF78F
:107390009DF8236820009B6898470028F9D0019E3B
:1073A000BE4227D8AE4225D8A32327005B00E35A6C
:1073B000FC37786C9A19C018402A34D832000099EA
:1073C00000F0B2FB3500A3225200A35A3F219B19C3
:1073D00026000B4094363000A352FEF741F80028F7
:1073E00006D1FC342A00300015492565FEF74AF81D
:1073F0000198FEBDBD4200D93D0023682A005B68AC
:10740000009920009847009B20005B190093236897
:10741000761B9B689847A3235B00E75A073BFF3B1B
:107420000500DF1BBCE74025ED1A2A00009900F09B
:107430007BFB009B786C721B591900F075FBC2E74F
:10744000F572000810B5914201D1012149420400B2
:10745000FC346363029BE262A3630300A42214333F
:107460002364002352002163835202005432626479
:10747000A5225200A364835210BDF7B5037C04001B
:107480000D00002B16D0FAF71FFCA327A5260190AC
:107490007F007600E25BA35B9A420BD0002DFAD00E
:1074A000FAF712FC019BC01A8542F3D8A323A25B12
:1074B0005B00E252F7BD10B50021FFF7DEFF10BD03
:1074C000CBB210B5242B09D8E0220F4C9B00D20080
:1074D0000A4019591143FC30016310BDC0220A4013
:1074E000C02A0ED1C92B0CD83F23084C0B409B005F
:1074F0001B59E024044A9B009B58E4002140194397
:10750000E9E701214942E6E74093000818930008A3
:10751000CBB210B5242B09D8E0220F4C9B00D2002F
:107520000A4019591143FC30C16210BDC0220A4003
:10753000C02A0ED1C92B0CD83F23084C0B409B000E
:107540001B59E024044A9B009B58E4002140194346
:10755000E9E701214942E6E7409300081893000853
:107560000023F0B585B04360FA239B0083601C4B79
:1075700005000360012303921A4A5B421268FC353E
:107580002B63194F194B92000E0004003900D0589C
:10759000FDF740FD864218D1C1212000FFF790FF82
:1075A000C0212000FFF7B4FF0123039A5B42012AA8
:1075B00000D12B63009301232000EA6A296B5B4210
:1075C000FFF740FF200005B0F0BD09493000FDF78E
:1075D00036FD390028633000FDF731FDE862E3E74E
:1075E000DC93000818930008B4900008409300084A
:1075F000609000080300FC331B6B10B504000133DE
:107600000DD10368DB6898475223FF33E25C002A00
:1076100005D120000132E2549430FDF769FF10BD1E
:1076200010B50400FFF7E6FFA423A2225B0052007E
:10763000E15AA35A994208D02100FC31096CC85C78
:107640003F2101330B40A35210BD01204042FBE714
:1076500010B5002202480349FFF782FF10BDC04663
:10766000D4190020004C004010B50400FFF7DAFDEB
:10767000E060236820005B699847002808DAFFF77C
:10768000D1FDE368C01AA3689842F2D301204042BA
:1076900010BDF8B506000F0015000024AC4201D162
:1076A0002000F8BD3000FFF7DFFF431CF8D038554D
:1076B0000134F3E7F7B50F0016001D001C1E019002
:1076C0000BD000240198FFF7CFFF431C05D0B84230
:1076D00003D030550134A542F4D12000FEBD10B5D1
:1076E0000A22002100F0AAF910BD10B50A220021DB
:1076F00000F0A4F910BD000010B5034B010018689C
:1077000000F030F810BDC046D801002010B5034B82
:107710000100186800F012FA10BDC046D801002020
:1077200070B50F4E0D0031680400002902D100F041
:10773000BDF930602900200000F0B8F9431C03D1E6
:1077400001256D42280070BD0323C51C9D43A8423E
:10775000F8D0291A200000F0A9F90130F2D1EFE7A2
:107760002C1B0020F7B50322CB1C934308330500E4
:107770001F000C2B34D20C27B94233D8280000F05C
:1077800071F8374E33681C00002C2FD139002800C7
:10779000FFF7C6FF0400431C5FD134680094009BD0
:1077A000002B4AD1002C52D023682800E3180099FE
:1077B000019300F07BF9019B834248D123682800A4
:1077C000FF1A3900FFF7ACFF013040D02368DB1906
:1077D000236033685A68002A33D1009B336019E074
:1077E000002BC9DA0C232B600020FEBD2168C91BC9
:1077F00020D40B290AD9E2192760A34204D13260B0
:1078000063681160536005E05A60F9E76268A3425B
:107810000ED13260280000F02DF8200007220B3036
:10782000231D9043C21A9842DFD01B1AA350DCE7F5
:107830005A60EFE723006468A6E7009C6368009342
:10784000ADE71A005B68A342FBD10023DAE70C2303
:1078500028002B6000F00EF8C6E70760DAE7C046A4
:10786000301B002010B5024800F05CF910BDC04686
:107870006C1C002010B5024800F055F910BDC04640
:107880006C1C00200EB410B500249DB00290069030
:107890000A481FAB07900490094804CB059009489B
:1078A00002A9006801934C6600F0F6F9029B1C7077
:1078B0001DB010BC08BC03B01847C046FFFFFF7FD7
:1078C0000802FFFFD8010020F7B506000C001500E4
:1078D000002905D11100FFF745FF04002000FEBD7F
:1078E000002A03D100F02AF92C00F7E700F054FC3D
:1078F0000700854202D84308AB42EFD3290030008D
:10790000FFF730FF0190002801D1019CE6E72A0033
:10791000BD4200D93A002100019800F005F921008C
:10792000300000F00BF9F0E7F0B585B017001E004D
:1079300003900191242B23D80C00012B20D03D4B28
:1079400008229C46230061461D780134485D0100F1
:1079500011401042F6D12D2D19D125789C1C012300
:1079600000931022330093431DD1302D15D12021D7
:1079700023788B43582B10D165780234102612E0FF
:1079800000F0A6F816230360002005B0F0BD0091BA
:107990002B2DE6D125789C1CE3E7002EEED10A368C
:1079A000302D00D1023E244A009B944663443100AE
:1079B00018000293F8F73AFC0022844610002B00CE
:1079C000303B092B11D81D00AE421DDD531C09D0E0
:1079D00001225242844505D301D1A94211DB012283
:1079E0007043281825780134E9E72B00413B192B17
:1079F00001D8373DE8E72B00613B192B04D8573DF0
:107A0000E2E701225242EDE7531C08D12223039AF8
:107A100002981360002FB8D0631E019307E0009B0B
:107A2000002B00D04042002FAFD0002AF4D1019BA0
:107A30003B60AAE701940008FFFFFF7F10B5044CEC
:107A400013000A0001002068FFF76EFF10BDC0465A
:107A5000D801002010B5884202D98B18984208D36B
:107A600000239A4207D0CC5CC4540133F9E78B5C05
:107A70008354013AFBD210BD03008218934200D117
:107A8000704719700133F9E730B50500101E0BD0AF
:107A90000024013A2B5D085D834204D1944202D058
:107AA0000134002BF6D1181A30BD0000002370B548
:107AB000064D040008002B60FCF782FB431C03D139
:107AC0002B68002B00D0236070BDC046701C0020C6
:107AD000014B18687047C046D801002070B50026D9
:107AE0000C4C0D4D641BA410A64209D1002600F0D9
:107AF000BBFB0A4C0A4D641BA410A64205D170BD05
:107B0000B300EB5898470136EEE7B300EB589847BF
:107B10000136F2E704950008049500081C9500085A
:107B20000495000870477047002310B59A4200D1B1
:107B300010BDCC5CC4540133F8E7000070B50500FB
:107B40000C1E10D0043C2368002B00DAE418280037
:107B5000FFF788FE1D4A1368002B05D1636014608F
:107B60002800FFF787FE70BDA34208D920682118BE
:107B70008B42F3D119685B6809182160EEE71A009F
:107B80005B68002B01D0A342F9D911685018A042BC
:107B90000BD120680918501811608342E0D1186891
:107BA0005B68411811605360DAE7A04202D90C23E8
:107BB0002B60D5E7206821188B4203D119685B68D8
:107BC0000918216063605460CAE7C046301B00207A
:107BD000F0B58E6885B01F000C0033000290039250
:107BE000BE4254D80C22885E9022D20010422CD083
:107BF0000322096923685B1A019363695343019A5D
:107C0000DD0FED187B1C6D109B182A00AB4201D9CB
:107C10001D001A00400527D511000298FFF7A2FDAC
:107C2000061E2AD0019A2169FFF77EFFA289194B0F
:107C30001A4080231343A381019B2661F618266016
:107C400065613E00ED1A3B00A5601F003A000399F4
:107C50002068FFF7FFFE0020A3689B1BA36023683A
:107C6000DB19236005B0F0BD0298FFF72DFE061E5C
:107C7000E2D121690298FFF761FF0C230120029AEB
:107C800040421360A28934331343A381EAE73E00E4
:107C9000DCE7C0467FFBFFFFF0B59FB002901C0001
:107CA0008B890E0015001B0611D50B69002B0ED118
:107CB0004021FFF757FD30603061002805D10C23CB
:107CC000029A136001204042D4E0402373610023F4
:107CD000292102AA52180B9320331370013102AAF2
:107CE00010335218137005942C002378002B01D008
:107CF000252B48D1671BAC420BD03B002A0031003A
:107D00000298FFF765FF013000D1AEE00B9BDB1955
:107D10000B932378002B00D1A7E0012253210023ED
:107D20005242079202AA5218651C069309930893BF
:107D300013701C93554F29780522380000F034FA4F
:107D40006C1C069906AB00281FD1CA0604D5532720
:107D5000202202A8C01902700A0704D553272B223B
:107D600002A8C01902702A782A2A15D02C000020F7
:107D70000A27DA682178651C3039092950D900288A
:107D800011D009920FE00134AFE70123C01B8340FB
:107D90000B4325000693CDE7059A101D1268059048
:107DA000002A37DBDA6022782E2A0CD162782A2A60
:107DB0003BD1059A0234111D12680591002A01DA9F
:107DC000012252425A60324D03222800217800F0ED
:107DD000EBF906AF002806D04023401B8340069AEB
:107DE000013413430693217806222A48651C39760C
:107DF00000F0DAF900283FD0274B002B29D10722C9
:107E0000059B07339343083305930B9B03995B183A
:107E10000B9369E75242DA6002220A430692C2E7F4
:107E20007A432C0001205218A4E700220A205A604D
:107E30001100130001342278651C303A092A03D955
:107E4000002BC0D00791BEE741432C0001238918C5
:107E5000F1E705AA009239003200104B029800E0C9
:107E600000BF0390039B0133CFD1B3890B985B060E
:107E700000D527E71FB0F0BD05AA009239003200F7
:107E8000064B029800F07CF8EBE7C0463C8E0008F9
:107E9000428E0008468E000800000000D17B0008DA
:107EA000F7B5160001938A680B690C0000909342A5
:107EB00000DA13002200336043321278002A01D026
:107EC0000133336023689B0602D533680233336085
:107ED0002268062315001D401A4227D02300433391
:107EE0001B785A1E93412268920630D422000199D1
:107EF0000098089D4332A847013025D00622236808
:107F000000251340042B05D13368E568ED1AEB43D7
:107F1000DB171D40A3682269934201DD9B1AED180F
:107F20000026B54220D1002010E00135E368326818
:107F30009B1AAB42D2DD2200012301990098089FD1
:107F40001932B8470130F0D101204042FEBD302047
:107F5000E1184331087021005A1C45310978A218F4
:107F6000433202331170C1E72200012301990098C6
:107F7000089F1A32B8470130E6D00136D1E7000039
:107F8000F0B58BB006920A00433207930590039236
:107F90000A7E0C00109B782A09D8622A0BD8002A86
:107FA00000D1BAE07A490491582A00D18EE0250028
:107FB00042352A7022E0100063381528F7D8F8F708
:107FC000A5F816001F00F6FFF6FFF6FFF6FF1F00EC
:107FD000F6FFF6FFF6FFF6FF9F0036007E00F6FF85
:107FE000F6FFB000F6FF3600F6FFF6FF8200250030
:107FF0001A684235111D196013682B7001239EE029
:1080000018680968021D0D060BD506681A60002E57
:1080100003DA2D23039A764213705D4B0A270493EB
:1080200018E006681A604906F1D536B2EFE708682D
:10803000196840C9050602D4400600D5B6B21960D9
:10804000534B0A2704936F2A00D1023F23000022DA
:1080500043331A706368A360002B06DB0421226897
:10806000039D8A43226033430CD0039D30003900C6
:10807000F8F7DCF8049B013D5B5C2B7033000600D5
:108080009F42F3D9082F09D12368DB0706D5626820
:1080900023699A4202DC3023013D2B70039B5B1B5A
:1080A0002361079B210000930598069B09AAFFF70F
:1080B000F7FE013048D1012040420BB0F0BD202234
:1080C00009680A432260782232490491210045312F
:1080D0000A701968226840C9100602D4500600D5FB
:1080E000B6B21960D30702D5202313432360002EB4
:1080F00001D01027AAE72022236893432360F8E7E2
:108100001A680D68101D4969186013682E0601D59C
:10811000196002E06D06FBD519800023039D2361E1
:10812000BFE71A68111D19601568002128006268F0
:1081300000F03AF8002801D0401B606063682361BA
:108140000023039A1370ACE72A0023690699059867
:10815000079DA8470130AED023689B0715D4099B23
:10816000E0689842A9DA1800A7E7220001230699DF
:108170000598079E1932B04701309CD00135E3685D
:10818000099A9B1AAB42F0DCE9E70025F7E7C04605
:108190004D8E00085E8E00080B1F1B68181F002BF9
:1081A00001DA0B58C0187047C9B28218904201D149
:1081B0000020704703788B42FBD00130F6E70620A1
:1081C00010B500F02DF80120FCF718F870B5040088
:1081D0000D001F2904D9162303600120404270BD01
:1081E000C36B002B04D08A009B181A68002A08D1A0
:1081F000200000F031F82A000100200000F01AF8F9
:10820000EDE7012A09D0511C03D116230360012098
:10821000E5E700212800196090470020DFE7000013
:1082200010B5034B01001868FFF7D0FF10BDC04622
:10823000D8010020002370B5064D0400080011008D
:108240002B60FBF7DDFF431C03D12B68002B00D014
:10825000236070BD701C002010B5FBF7D9FF10BD66
:1082600010B5FFF7ACFF0000F8B5C046F8BC08BC7D
:108270009E467047F8B5C046F8BC08BC9E4670479D
:1082800021434C4541525F414C4C0021434C4541F8
:10829000525F4441432C00496E70757420547269DA
:1082A00067676572203D200054544C3A20002564D5
:1082B0003D25642C004441433A0025643D25752C3E
:1082C0000054544C206275666665722073697A6545
:1082D0003A2000257520004441432062756666659A
:1082E00072733A00444143202564206275666665D6
:1082F000722073697A653A20256400415243205404
:1083000052494747455253434F5045204D494E49E6
:1083100020762E3130302D4D4D002A2A2A2A2A204F
:108320005452494747455253434F5045204D494EBB
:10833000492051432054455354202A2A2A2A2A00EE
:108340005445535420313A2044414320616C6C2001
:108350006368616E6E656C7320746F2035562028DB
:1083600066756C6C207363616C6529002020416C1C
:108370006C20444143732073657420746F206675CC
:108380006C6C207363616C652E204D656173757232
:1083900065207E3556206F6E20444143206F7574F2
:1083A000707574732E00202053656E6420616E79A1
:1083B0002063686172616374657220746F20636FFB
:1083C0006E74696E75652E2E2E00544553542032FE
:1083D0003A2044414320616C6C206368616E6E6595
:1083E0006C7320746F203056002020416C6C204448
:1083F0004143732073657420746F207A65726F2E09
:10840000204D656173757265207E3056206F6E2039
:10841000444143206F7574707574732E0054455336
:108420005420333A2054544C20616C6C2048494706
:108430004800202054544C20312D34207365742082
:10844000484947482E204D65617375726520355641
:10845000206F6E2054544C206F7574707574732E99
:10846000005445535420343A2054544C20616C6CD1
:10847000204C4F5700202054544C20312D34207371
:108480006574204C4F572E204D65617375726520C1
:108490003056206F6E2054544C206F757470757474
:1084A000732E005445535420353A2054726967673F
:1084B000657220696E7075740020204170706C794F
:1084C00020355620746F20545249473120696E7010
:1084D00075742E2052656164696E672074726967D5
:1084E0006765722E2E2E0020205452494731203DC0
:1084F00020002A2A2A2A2A205445535420434F4D2B
:10850000504C455445202A2A2A2A2A00417661697E
:108510006C61626C6520636F6D6D616E64733A208F
:108520000D0A53414F6E2D73202D207365747320F7
:108530004441432E206E3D312D342C20733D766115
:108540006C756520302D36353533350D0A50414E6A
:108550006E202D20717565726965732070726F676A
:1085600072616D6D61626C6520616E616C6F672018
:108570006F7574707574207374617465732C206EDC
:108580003D312D340D0A50414F6E2D732D6F312D1D
:108590006F322D6F6E202D2073656E647320616EB7
:1085A000616C6F67206F7574707574207365717579
:1085B000656E63652C206E3D312D340D0A504143AC
:1085C0006E202D20636C6561727320616E616C6F2B
:1085D000672073657175656E63652C206E3D312D66
:1085E000340D0A5041536E2D732D74202D20737459
:1085F0006172742F73746F7020616E616C6F67208D
:1086000073657175656E63652C206E3D312D342C5C
:1086100020733D302F312C20743D302F310D0A4214
:10862000414F6E2D732D74202D20616E616C6F672C
:1086300020626C616E6B696E672C206E3D312D344B
:108640002C20733D302F312C20743D302F310D0AFA
:108650004241446E2D74202D20616E616C6F672045
:10866000626C616E6B2064656C61792C206E3D31AB
:108670002D342C20743D6D6963726F7365636F6E6A
:1086800064730D0A42414C6E2D74202D20616E6181
:108690006C6F6720626C616E6B20647572617469C7
:1086A0006F6E2C206E3D312D342C20743D6D69632E
:1086B000726F7365636F6E64730D0A5341526E2D52
:1086C00073202D207365742072616E676520286E9B
:1086D0006F2D6F70206F6E204D696E692C2066695A
:1086E00078656420302D3556290D0A53444F6E2D80
:1086F00073202D20736574206469676974616C2030
:108700006F75747075742C206E3D302C20733D6233
:1087100069746D61736B20302D3235350D0A50440C
:108720004E6E202D20717565726965732070726FB1
:108730006772616D6D61626C6520646967697461FF
:108740006C206F7574707574207374617465732C0C
:10875000206E3D300D0A50444F6E2D732D6F312D1C
:108760006F322D6F6E202D2073656E6473206469E7
:10877000676974616C206F757470757420736571AE
:1087800075656E63652C206E3D300D0A5044436E56
:10879000202D20636C656172732064696769746160
:1087A0006C2073657175656E63652C206E3D300DB0
:1087B0000A5044536E2D732D74202D2073746172F2
:1087C000742F73746F70206469676974616C2073AF
:1087D000657175656E63652C206E3D302C20733D90
:1087E000302F312C20743D302F310D0A42444F6E12
:1087F0002D732D74202D206469676974616C20626B
:108800006C616E6B696E672C206E3D302C20733D61
:10881000302F312C20743D302F310D0A53534C6EC4
:10882000202D207369676E616C204C4544732028AD
:108830006E6F2D6F70206F6E204D696E69290D0A65
:108840000D0A00535441543F00544553543F0043D4
:108850004C4541525F444143004552524F525F558F
:108860004E4B4E4F574E5F434F4D4D414E440021AE
:1088700053414F00214552524F525F53414F3A20CE
:10888000466F726D61743A2053414F6E2D73206EA6
:108890003D312D31362028444143312D3136292CAC
:1088A00020733D76616C756520302D363535333556
:1088B00000214552524F525F50414E3A20466F724E
:1088C0006D61743A2050414E6E20206E3D312D3145
:1088D000362028444143312D313629002150414E64
:1088E0000050414F002150414F25642563256425E8
:1088F0006325642563256400214552524F525F5021
:10890000414F3A20466F726D61743A2050414F6E6C
:108910002D732D30312D30322D306E206E3D312DA6
:1089200031362028444143312D3136292C20733DE6
:10893000203E3D302028706F736974696F6E292C5A
:1089400020306E3D76616C75657320302D3635357F
:1089500033350050414300215041432564002145F7
:1089600052524F525F5041433A20466F726D6174CC
:108970003A205041436E206E3D312D31362028443F
:108980004143312D3136290050415300215041538C
:108990002564256325642563256400214552524FD3
:1089A000525F5041533A20466F726D61743A2050C5
:1089B00041536E2D732D74206E3D312D313620289C
:1089C000444143312D313629207320303D73746F7B
:1089D0007020313D73746172742C20743D74726127
:1089E0006E736974696F6E206F6E2066616C6C695E
:1089F0006E67283029206F7220726973696E67284C
:108A0000312920656467650042414F002142414F92
:108A10002564256325642563256400214552524F52
:108A2000525F42414F3A20466F726D61743A204264
:108A3000414F6E2D732D74206E3D312D313620281F
:108A4000444143312D3136292C207320626C616EF4
:108A50006B2030286F666629206F722031286F6E78
:108A6000292C207420302028626C616E6B206F6E80
:108A7000206C6F7729206F7220312028626C616E24
:108A80006B206F6E206869676829002142414400AD
:108A9000214552524F525F4241443A20466F726D17
:108AA00061743A204241446E2D74206E3D312D3167
:108AB000362028444143312D3136292C2074203D65
:108AC0002030202D203231343734383336343700DB
:108AD0002142414C00214552524F525F42414C3A93
:108AE00020466F726D61743A2042414C6E2D7420A5
:108AF0006E3D312D31362028444143312D31362908
:108B00002C2074203D2030202D2032313437343851
:108B100033363437002153415200214552524F52CF
:108B20005F5341523A20466F726D61743A2053414F
:108B3000526E2D73206E3D312D3136202844414335
:108B40003D312D3136292C20733D313A302D3556AB
:108B500020323A302D31305620333A2D352D2B35F9
:108B60005620343A2D31302D2B31305620353A2DC8
:108B7000322D2B325600214552524F525F53444FF3
:108B80003A20466F726D61743A2053444F6E2D73D4
:108B9000206E3D70696E67726F757020302D312CBC
:108BA00020733D76616C756520302D32353500219E
:108BB00053444F00214552524F525F50444E3A2089
:108BC000466F726D61743A2050444E6E206E3D7057
:108BD000696E67726F757020302D31002150444EE0
:108BE0000050444F002150444F25642563256425DF
:108BF0006325642563256400214552524F525F501E
:108C0000444F3A20466F726D61743A2050444F6E63
:108C10002D732D30312D30322D306E206E3D706928
:108C20006E67726F757020302D312C20733D706F20
:108C3000736974696F6E2C20306E3D76616C75655A
:108C40007320302D323535005044430021504443C9
:108C5000256400214552524F525F5044433A20460A
:108C60006F726D61743A205044436E206E3D70699E
:108C70006E47726F757028302F31290050445300B1
:108C80002150445325642563256425632564002110
:108C90004552524F525F5044533A20466F726D61B5
:108CA000743A205044536E2D732D74206E3D7069BC
:108CB0006E47726F757028302F3129207320303D38
:108CC00073746F7020313D73746172742C20743D25
:108CD0007472616E736974696F6E206F6E20666165
:108CE0006C6C696E67283029206F72207269736915
:108CF0006E6728312920656467650042444F002172
:108D000042444F256425632564256325640021457D
:108D100052524F525F42444F3A20466F726D617417
:108D20003A2042444F6E2D732D74206E3D70696E53
:108D300067726F757020302D312C207320626C614A
:108D40006E6B2030286F666629206F722031286F85
:108D50006E292C207420302028626C616E6B206F8D
:108D60006E206C6F7729206F7220312028626C6131
:108D70006E6B206F6E206869676829002153534C21
:108D800000214552524F525F53534C3A20466F7266
:108D90006D61743A2053534C6E206E3D3020284F45
:108DA000666629206F72203120284F6E29005354A7
:108DB0004D6963726F656C656374726F6E6963731E
:108DC0000047454E455249435F463037324342548F
:108DD000582043444320696E204853204D6F6465FA
:108DE0000047454E455249435F463037324342546F
:108DF000582043444320696E204653204D6F6465DC
:108E00000047454E455249435F463037324342544E
:108E1000582043444320436F6E6669670047454EC0
:108E2000455249435F463037324342545820434409
:108E30004320496E7465726661636500232D302B93
:108E40002000686C4C00656667454647003031324B
:108E500033343536373839414243444546003031A2
:108E600032333435363738396162636465660017EA
:108E700018191A020104080102030405060708096B
:108E80000A0B0C0D0E0F1002030405060708090A51
:108E90000B0C0D0E0F10100001000000020000006E
:108EA0000400000008000000100000002000000086
:108EB00040000000800000000001000000020000EF
:108EC0000004000000080000001000000020000066
:108ED00000400000008000000000000001020304C8
:108EE000000000000000000001020304060708095A
:108EF0000000000000000000DB55000801560008DB
:108F0000F155000825570008495600085956000831
:108F10001557000871560008B556000800000000FB
:108F20002000000000000000800000006000000041
:108F30000000000001000000E000A00001000000AF
:108F400082000000200100000000000083000000FB
:108F500028010000000000000B000000005C004041
:108F6000000000000C000000005C00400000000059
:108F70000D000000005C004012020000FFFFFFFF38
:108F8000000000000000000004000000003001406C
:108F9000120000000F00000000300140120000002D
:108FA0001900000000380040120500001C000000FD
:108FB0000038004012000000FFFFFFFF000000002B
:108FC0000000000005000000003001401200000019
:108FD0001300000000300140120000001A000000E1
:108FE00000380040120500001D000000003800405D
:108FF00012000000FFFFFFFF000000000000000063
:1090000006000000003001401200000014000000C3
:1090100000300140120000001E0000000038004037
:1090200012000000FFFFFFFF000000000000000032
:109030000700000000300140120000001500000091
:1090400000300140120000001F0000000038004006
:1090500012000000FFFFFFFF000000000000000002
:1090600001000000004C004012040000030000005A
:1090700000440040120100000A00000000380140D6
:10908000120100000F000000004400401201000027
:109090001700000000380140120000001B00000013
:1090A0000048004012040000FFFFFFFF0000000026
:1090B0000000000000000000004C0040120400000E
:1090C00002000000004400401201000009000000FE
:1090D00000380140120100000E0000000044004072
:1090E00012010000160000000038014012000000CC
:1090F0001A0000000048004012040000FFFFFFFFBC
:10910000000000000000000000000000000000401F
:109110001282000001000000000000401202010065
:109120000101000000400140128510000200000013
:1091300000000040128201000201000000400140D6
:109140001280000003000000000000401202020034
:109150000301000000400140120001000400000073
:1091600000200040128400000500000000000040C4
:10917000128200000600000000040040128100007E
:1091800006010000004401401285000007000000B5
:10919000002C014012821000070100000004004072
:1091A00012010100070200000020004012840000AC
:1091B000070300000048014012850000080000007D
:1091C000002C01401282000009000000002C014028
:1091D000120201000A000000002C0140128201006E
:1091E0000B000000002C0140120202000F000000E2
:1091F000000000401282000010000000002C01401E
:109200001202110010010000000400401281010050
:1092100011000000002C0140128211001101000019
:109220000004004012010200110200000020004072
:109230001280000013000000000000401202010034
:10924000140000000004004012810000150000001E
:10925000000400401201010016000000004401401B
:109260001282100017000000004801401282100016
:1092700018000000004401401282000019000000A4
:1092800000480140128200001A0000000000004067
:10929000128201001B0000000000004012020200C8
:1092A0001D000000002C0140128210001E00000072
:1092B000002C0140120211001E010000004001407C
:1092C000128100001F000000002C014012821100DA
:1092D0001F01000000400140128310001F02000027
:1092E0000040014012010100FFFFFFFF00000000ED
:1092F0000000000004000000007400400380000033
:10930000050000000074004003000100FFFFFFFFA4
:10931000000000000000000000000000010000004C
:10932000020000000300000004000000050000002F
:1093300006000000070000001000000011000000FF
:109340000000000001000000020000000300000017
:1093500004000000050000000600000007000000F7
:1093600008000000090000000A0000000B000000D7
:109370000C0000000D0000000E0000000F000000B7
:109380001000000011000000120000001300000097
:109390001400000015000000160000001700000077
:1093A00018000000190000001A0000001B00000057
:1093B0001C0000001D0000001E0000001F00000037
:1093C0002D0000002E0000002F00000050000000C3
:1093D000510000000000000000000000DF720008E3
:1093E00055730008C1720008B77400088F72000836
:1093F00021760008A572000893760008B57600086B
:109400000020202020202020202028282828282054
:10941000202020202020202020202020202020204C
:1094200020881010101010101010101010101010B4
:1094300010040404040404040404041010101010A4
:10944000101041414141414101010101010101016E
:1094500001010101010101010101010110101010C0
:109460001010424242424242020202020202020240
:109470000202020202020202020202021010101094
:1094800020000000000000000000000000000000BC
:1094900000000000000000000000000000000000CC
:1094A00000000000000000000000000000000000BC
:1094B00000000000000000000000000000000000AC
:1094C000000000000000000000000000000000009C
:1094D000000000000000000000000000000000008C
:1094E000000000000000000000000000000000007C
:1094F000000000000000000000000000000000006C
:049500000000000067
:10950400EB6F00086102000885190008BD4D0008D2
:089514004157000851760008E0
:08951C0039020008C14E0008ED
:1095240000366E010102000001000000040000008A
:10953400781C00200000004800040048000800488F
:10954400000C00480010004800140048003002409D
:109554000000000000000000000000000000000007
:1095640000000000000000000000000001000000F6
:1095740000127A001A03000000000000000000003E
:1095840000000000000000000000000000000000D7
:10959400040309041201000202020040830440573C
:1095A40000020102030100008962000895620008BC
:1095B4001563000831630008CD6200085963000890
:1095C40075630008A162000809074300020104C092
:1095D4003209040000010202000005240010010504
:1095E4002401000104240202052406000107058366
:1095F4000308001009040100020A00000007050125
:1096040002400000070582024000000009024300F6
:10961400020100C032090400000102020000052416
:10962400001001052401000104240202052406009F
:10963400010705830308001009040100020A000061
:1096440000070501024000000705820240000000F7
:1096540009024300020100C03209040000010202B1
:109664000000052400100105240100010424020265
:1096740005240600010705830308001009040100FE
:10968400020A000000070501020002000705820229
:1096940000020000596A0008FD6900081969000801
:1096A40000000000216700089D6800086168000848
:1096B4000000000000000000000000001168000825
:1096C400C167000871670008656700080A060002A0
:1096D400000000400100000000C20100000008007A
:1096E400B16C0008116C0008156C0008216E0008AC
:1096F400C56D000801010000DC010020000000002D
:10970400341B00209C1B0020041C002000000000CF
:109714000000000000000000000000000000000045
:109724000000000000000000000000000000000035
:109734000000000000000000000000000000000025
:0897440000000000000000001D
:040000050800700976
:00000001FF
